제목,장점,단점,경영진에게 하고싶은 말
고인물들의 세계가 깨지고 있다. 새로운 변화중,"높은 브랜드 인지도, 자유로운 휴가, 워라밸을 지지하는 문화 등","비전없음, 경영진 능력 부족, 뭘 해야할지 잘 모름, 이것저것 간만 봄",뭘 해야할지 모르겠으면 공부하세요. 비전있는 경영진이 필요합니다.
기업문화가 좋습니다. 되게 자유롭고 일에 몰두할 수 있었어요,재택 근무가 가장 큰 장점입니다. 1층에 카페도 저렴해서 좋았습니다.,재택근무가 아니라면 단점이 될 수도 있는 점이 꽤 많을것 같습니다,AI도 좋지만 다른 서비스도 신경써주세요
네임밸류 있고 나름 좋은 기업으로 기억함,회사나 제품이 네임밸류가 좀 있다보니 일하는데 있어서 자부심 비슷한게 있음,인력 관리가 잘 안되는 듯. 그래서 단기간 근무하고 이직하는 직원들이 많음,핵심 인력들의 장기근속을 위한 조치를 마련해주세요.
신입들은 들어와서 회사가 이런곳이구나 알고 가면 좋은 회사,그나마 재택근무 있어서 회사에 계속 다녔다. 이거마저 없어지면 남아서 다닐 사람은 누가 있을까?,"잘 되지도않고 다른 회사랑 차별점도 없는 AI 뜬구름만 보고 쫓아감, 수직적인",딱히 바라는건 없고 그냥 하던대로 하세요
자유롭고 자율적이네 실적이 필요하다.,재택근무 3일의 장점이 크다 아주 큰 장점 복지도 꽤나 좋다,자율이란 이름의 방치 혹은 압박 존재 개발자만 그럴수도..,"연구,개발보단 기획,마케팅이 우선되는 느낌입니다"
신입 개발자들에게는 좋음 복지도 그냥저냥 특별할건 없지만 있을건 있음,신입 초봉 높고 경력 쌓기 좋음 재택 있어서 좋음 휴가 자유롭게 사용 가능,인사발령 잦고 사무실 위치가. 영 애매함 체계가 부족하다는 생각,직원들이 실제로 원하는게 무엇인지를 파악해주시면 좋을것 같음
예술의전당 앞에 사옥 있음 구내식당 없음,젊은 IT 회사의 느낌을 내기 위해 노력하는 편임.,추구미에 비해 가지고 있는 제품이 다소 올드함.,화이팅 더 좋은 회사로 만드시길.
개발자들을 위한 회사지만 개발자 수준이 낮은 회사,워라밸 훌륭 예술의 전당 산책로 훌륭 사옥 보유 상장사,경영진 수준 미달 인사팀 많이 이상 개발자 능력치 낮음 사업 개발 역량 전무,이제 스톡옵션 욕심 버리시고 사업에 집중하시길
좋은사람 많으나 위로갈수록 썩은 회사,1층 카페와 괜찮은 사람들도 꽤 많다는 점? 실무진들은 괜찮은듯,인사팀이 단점인듯 발전이 안보임 할말은 많지만 참습니다,회사의 발전을 진심으로 원한다면 당장의 비용 줄이기에만 급급해하지 말고 조금 더 넓고 장기적인 시각으로 바라봐주시길
젊은 꼰대들이 나이 들어버린 오래된 벤처,간식이 있었어요.. 송년회나 워크샵 같은 것들을 잘 챙겼었죠..,"회장라인, 사장라인, 고인 사람들의 정치들.. 직무적으로 성장할 수 있는 기회 부재, 모바일에서 딱히 잘 되는 제품이 없음..",아직도 이해할 수 없는 일화가 너무 많은데.. 창립멤버 모두 여기가 첫회사이니 뭘 아시겠어요..
앞으로의 10년이 더욱 기대되는 회사,대기업 수준은 아니지만 점차 확대되는 복지제도와 가족친화적인 기업문화,"수평적인 ""님"" 호칭 문화로 인해 책임자가 명확하지 않아 업무 효율이 저하되고, 실질적인 의사 결정 구조가 모호한 경우가 많아짐. 직원들은 승진이나 보상에 대한 동기부여가 약화되는 경향이 있음. 직책자가 명확하게 지시하고, 또한 책임지는 문화가 필요함. 그러기 위해선 직급, 직책 호칭으로 서로에 대한 리스펙이 먼저 생겨야 할 것으로 보임.",대체적으로 경영진이 유한 성격임. 카리스마 있고 강압적인 리더십이 필요한 때.
가족같지만 약간 비전문적인 회사이었음,실수를 하더라도 잘 덮어주는 분위기. 실패에 대해서도 용인해줌,전문적인 느낌이 없고 고인물들이 많아서 회사 성장이 잘 안됨,외부 인력을 적절히 배치하여 조직에 긴장감도 주시고 성과에 대해 냉정히 판단하시길
사공이 많아 사업이 산으로 가는 중.,부서마다 다르겠지만 자유로운 분위기에서 업무할 수 있음,사내 정치질이 심하고 중간 개발자 대우를 안해주기 때문에 전부 나가서 중심이 되는 인력이 없음,직원들이 바라는건 이미 알고 있지 않을까 싶은데 듣고도 모른척하는듯
신사업 신기술을 경험하기 좋은 환경 자유로운 소통 문화,유연근무제 운영 기업 소통이 자유로운 조직문화 기업 안정성,재택근무자가 많아 서로의 얼굴을 모를 수 있음 역과의 거리,신사업에 대한 끊임없는 연구로 기업성장과 구성원 성장 모두를 챙겨주길 바랍니다
무난하면서도 아쉬워서 신입으로 와서 이직하기 좋음,신입으로 오면 적당히 이직 경력 쌓기 좋을것같다는 것 정도,회사가 이익을 내지못하고 있어서 보상이 약하고 단기목표에만 치중한다,직원들 보상은 약하고 경영진들만 주식 팔아 돈벌고 주가하락하는거 부끄럽게 생각하세요
인사부서에 심각한 문제로 근무자들 고통 받는곳,많은 경험을 해볼수있다 면접때와 다른 업무를 시키는 등 이것저것 다 시키기 때문,일은 시키겠지만 연봉인상은 꿈도 꾸지마시고 인사부서 문제가 심각해서 인사평가로 장난질 협박,왜직원들이 퇴사율이 높은지 남탓 그만하고 스스로를 돌아봐라 뭐 지금 이순간에도 직원들탓하고 있겠지만
부바부가 매우 심해서 많이 힘든 곳 아주 수직적인 곳,"장비지원금, 복지포인트, 사내카페 등 기본적인 복지를 제공해줌",그 외에 모든 것이 힘듦 능력이 있어도 의견 얘기할 분위기가 아닌 상사 등,좋은 능력을 가진 사람들의 말을 잘 들으시면 좋을것같아요
부서마다 분위기가 확 다르다 자유로운 분위기 부서 조용해서 숨죽이는 분위기 부서도있고,사내 커피숍이 아래층에 있고 저렴해서 동료들과 소통하는 장소로 좋아요,신사업 손실로인한 회사의 적자를 탈출시킬 방법을 모색했으면합니다,신규사업은 꼭 성공하시길 바랍니다 잠깐이었지만 회사에서 많은경험을했고 인품좋은 사람들과 함께해서 복이었습니다
"사회초년생에게'는' 좋은 회사입니다만, 경력에게는 물음표","대리, 과장급이 되면 퇴사하기 때문에, 신입이 경험하지 못할 업무를 할 수 있다 - 좋은 사람을 잘 채용하는 눈이 있는 듯하다 - 신사업의 기회가 많음 - 출산/육아 차별이 없고 워라밸이 좋음",사업을 키우고 굴리는 데 투자를 하지 않음 - 장점에도 기술한 내용이지만 일을 잘 하는 연차가 되면 퇴사함. 길을 잡아줄 좋은 선배가 부족함 - 개발자 출신의 경영진이 많아 비즈니스적인 관점이 부족,단순히 회사를 오래 다녔다는 이유로 상위 직급자가 되면 안된다고 생각함 - 전문 경영인이 필요하지 않을까
신입은 이것저것 경험하기 괜찮은 회사. 경력은 딜레마에 빠질 수 있는 회사,워라벨이 괜찮은 회사. 사람들이 친절하다. 사내 커피숍이 좋다.,"몇몇 임원들과 대표의 주관에 의해 흘러가는 회사, 열심히 논의한 결과가 탑다운으로 하루아침에 바뀐다.","인터넷에 기사가 자주나오는 회사보다, 직원이 일 할맛나는 회사가 되어 주세요."
"최악의 회사로 경영, 인사 부분에서 문제가 많다는 걸 모두가 알고있음","워라밸과 재택, 카페가 있다는 점은 장점이라고 할 수 있음",직원을 부품처럼 쓰다가 내치는 경우가 비일비재하고 특정부서에서 주변사람들을 폄하하는데 그러면 안 되는 부서에서 임직원을 폄하해서 내부적으로 말이 많음,우물안 개구리 같은데 직원들의 의견을 들을 필요가 있어보임
깔끔한 시설 및 체계적인 관리 시스템,테스트 장비의 지원이 좋았습니다. 각 운영체제별 또는 각 모바일 기기별 테스트를 할 수 있도록 구비가 되었습니다.,"원격으로 개발자와 대화하다 보니, 재현방법을 텍스트 및 사진으로만 하는 것들이 답답했었습니다.",앞으로 더 성장할 수 있는 많은 제품들을 만들어 주세요.
사람들이 착한 욕심없이 다니기 무난한 회사,사내 카페로 커피값 절감 팀바팀이지만 준수한 워라벨 사람들이 대부분 유한편,역에서 멀다 주변 식당 밥값이 비싼편 커리어 발전 가능성에 대해선 의문 개발자 중심,비개발 직무의 이야기도 많이 들어주시길
개발자가 근무하기 좋은 환경의 IT 기업,"개발자의 의견이 적극 반영되는 분위기이며, 주도적으로 서비스를 구축해나갈 수 있습니다.","업력이 오래되었기 때문에, 성장 동력을 잃은 느낌이 있습니다. 사업의 방향성이 나쁘진 않으나, 이를 추진하는 힘이 조금 딸립니다.",미래를 위해 사업 전략을 다방면으로 고민하는 모습은 좋습니다. 빠른 시일 내에 매출을 발생시켜야 인원 유지가 가능할 것 같습니다.
처음에는 성장성이 기대되었는데 지금은 그냥 그럭저럭 다닐만한 회사,비교적 적은 연차에도 자기 주도적인 업무 가능한 회사,기업이 성장 하기에는 너무 나이들었고 점차 조직문화가 대기업 공무원화 되가고있음,10년 넘은 인원들이 이탈하는 이유를 생각해보시길
자율과 평등의 회사 자유로움을 원한다면 강추,"수평적인 문화에, 자유로운 근무, 주3일 재택근무 최고의 회사","자유에는 책임이 따르고, 알아서 '잘' 해야한다는 점 , 알아서 어떻게 잘 해야하는지에 대한 끊임없는 고민이 필요하다.",좋은 회사를 만들기 위해 꾸준히 노력하시는 것 같습니다
"AI를 열심히 연구하는 기업, 단 매출과 실적은 의문.",워라벨 좋음. 야근 없음. 급여안밀림. 님 문화. 코스닥 상장사.,경영진 능력 부족. 회사 주요 전략이 기술 개발과 PR임. 명확한 조직별 R&R 없음.,기술이 아닌 경영을 아는 인사를 기용해야 할 시점. 시간이 많이 남지 않음.
이 기업은 최고다! 쭉쭉 뻗어나가길 바랍니다,"개발자 우대. 개발 전문 IT회사. SI 업체 아님. 게임, 웹서비스, 유틸 등 다양한 제품군 보유",큰 대박 아이템이 없고 중박 정도의 아이템이 많은 듯. 단점은 아님. 아직 성장 중,위치. 교통편이 좀 별로인거 같습니다.
워라밸 좋고 다양한 경험 할 수 있는 회사,"워라밸 좋게 다닐 수 있고, 개발조직 수준이 높아서 배울거도 많고, 새로운 기술들도 다양하게 써볼 수 있습니다.",뭘 하든 윗선까지 보고하고 진행해야해서 프로젝트 할 때 답답,팀장레벨에 좀 더 많은 권한을 부여했으면
미래 먹거리가 없어서 성장성이 없는 회사,사람 쪼는 분위기 아니라 적당 적당히 다녀도 되는 회사,잘하나 못하나 상벌이 없음 뜨뜨미지근한 분위기라 동기부여 안됨,구성원에 명확한 비전을 제시해주면 좋겠음
사회초년생들에게 무난한 회사라고 생각함,이것저것 많이 시도를 해보는편인 것 같음. 배우고자 하면 여러가지를 배울 수 있는 환경,젊꼰이 꽤 있다. 회사의 문화라기보다는 개인의 특성 같지만 아쉬운 부분임,계속 이대로 열심히 해주시길 바랍니다.
역이랑 먼 회사 심지어 쭉 언덕길ㅜㅜ,하고 싶은게 많아서 잘 하면 좋은 성과 낼 수 있을 듯,인원이 부족하고 팀바팀이지만 일이 한사람한테 몰리는 듯,딱히 할말 없음.. .. .. ..
과거의 영광에 빠진 그런 회사입니다.,복지는 좋은 수준으로 주려고 항상 노력 중이고 회사도 리모델링하고 좋아요,확실한 돈벌이가 없어지고 있습니다. 앞으로 먹고 살 거리가 걱정임,사람들 다 좋은 분들이니 목표를 뚜렷하게 가지시길
그리 어렵지 않은 미션과 괜찮은 워라벨,워라벨 괜찮고 자기일 하면 터치 안하는 수준 개발 쪽은 ai특화된 개발이 조금 있는편,특정 기술에 대해 약한 부분이 있음. window 어플리케이션쪽은 괜찮은 편이나 다른 분야에 대해서는 윗급에서 그리 크게 생각 안하는편,next가 조금 부족함. 다음 스텝에 대한 고민과 결정을 해서 프로덕트 개발에 매진 해야할때
적절한 일 적절한 난이도 적절한 연봉,워라벨을 지키고 싶다면 좋은 선택이라고 생각함. 이 정도 연봉에 업무 난이도면 적절한다고 생각듬.,하는 만큼 성과가 어필되지 않고 금정적인 성과가 아니면 경외시되는 부분이 있음.,천천히 성장하는 느낌보다 새로운 트렌드에 맞춰가기 급급한 듯 해 아쉬움.
사람들이 리더들을 잘 따를려고 노력하는거 같아요,IT 1세대 기업으로 다른 곳에 영업을 가도 다 알아줘요,수직적인 조직 문화로 속도가 빠르지 않아요. 유연성이 필요합니다.,수직적인 조직 문화로 속도가 빠르지 않아요. 유연성이 필요합니다.
비전도 연봉도 부족했던 회사로 기억됨,아무래도 재택이 있었던 점이 가장좋았던 것으로 기억됩니다,"연봉이나 복지같은게 전반적으로 부족하고, 나가는사람을 붙잡을 수 있는 메리트가 없음","구성원 소리에 좀 기울이고, 나가야 하는 사람과 나가도 되는사람을 잘 구분하면 좋겠습니다"
그들만의 리그 능력있는 사람들은 나가는중,워라벨을 확실하게 챙길수있다. 생각보다 나쁘지않은 복지 동료들이 친절하고 사람들이 착하다,신규 서비스를 많이 하는것 같긴한데.... 방향성을 모르는 의사결정 그밖에 업무에서 오는 스트레스가 확실히 있는편,의견을 적극적으로 나눌수있는 창구가 있으면 좋겠습니다. 능력있는 직원들을 굴릴생각만 하지말고 잘 관리좀 해주세요
재택근무로인한 업무 효율성 증가와 삶의질 향상,"휴먼AI 비지니스 잘되는중이고 향후 비전이 좋음 자체 사옥이 있는점, 아직까지 재택근무 하이브리드 방식은 좋은 장점",1. 전형적인 어린 꼰대들의 집합소 2. 어떤 기업도 활용하지 않은 본인들만의 올드한,1. 기존 인원 좀 감싸지마시고 신규 채용자들도 챙겨주시길 바랍니다. 2. 직급제 도입이 시급해 보입니다.
"워라벨 좋고, 공무원처럼 다니기 좋은회사. 개인의 역량 성장은.",워라벨이 좋아서 퇴근후 다른 일정하기 좋습니다. 표면적으론 자유로운 분위기.,"워라벨은 좋지만, 시니어가 부족해서 개인의 성장의 기회를 찾기 힘듦 작은 회사 규모에 비해, 사내 정치가 다소 있는 듯함.","하시는 대로 계속 하시고, 행운을 빕니다."
안정적이고 배울게 많지만 정적인 회사,"프리한 분위기, 사내카페, 잘 쌓여있는 과거 자료, 자유로운 도전 분위기",동적이지 못해서 의지가 없다면 고이기 쉬움. 그런걸 좋아한다면 잘 맞을듯,규모가 크지만 조금은 융통성을 보여주면 좋겠음
IT회사 중 업력이 긴 회사. 최근 실적 안좋음,1층카페 저렴하고 맛있다. 아직 재택근무가 가능한 곳이다.,사내정치가 심하다. 몇몇 사람들이 부서를 넘나들면서 회사가 산으로 간다. 회사 비전 부재 회사 실적 안좋음,회사 현실을 냉정하게 파악해주세요.
한명으로 갈리는 사람들? 퇴사율이 왜 높을까요?,월급 밀리지 않고 나온다 it회사라서 노트북지급 부속기기 지급에 후하다,역에서 멀다 마을버스타야함 주변에 밥 먹을만한곳이 없다 워라벨이 없다 사람들이 삭막하다,글쎄요 분위기라는것은 쉽게 바뀌는게 아니라서요
알약 알툴즈에서 AI기업으로 변화중임,다양한 경험과 예술의 전당 바로 앞이라 문화생활 가능함,역에서 매우 먼거리와 근처 먹을곳이 부족해서 식사 이동시간이 김,끊임없는 비전제시가 필요해보입니다 미래 먹거리 필요
신입이 일 배우기에 무난한 회사입니다.,워라밸이나 같이 일하는 동료와 같은 근무환경은 좋았습니다.,주력 사업에 대한 성장 가능성이 크게 보이진 않습니다.,초심을 잃지않고 회사와 직원 모두 성장하는 회사로 만들면 좋을 것 같습니다
칼퇴에 편하고 수평적인 관계가 인상적이었습니다.,"수평적, 칼퇴, 빡빡하지 않은 분위기, 자유로운 분위기, 아침 저녁 간식",발전을 원하는 사람에게는 전반적으로 아쉬움이 있을 수 있습니다.,사원들이 발전할 수 있는 장치들이 많으면 좋겠습니다.
좋은점 나쁜점 다 있는데 그래도 굳이..,음 젊은사람 좀 많고 그렇다고 젊은 분위기는 아니고 젊고자 노력하려는것 같아요 대표가 실장급 중에서도 특정인의 의견을 많이 참고하는것같은데 좋은 방향은 아닌것같아요,역에서 너무멀고 식당도 없고 ㅜㅜ 열심히 하는사람은 열심히 하고 안하는 사람은 또 아예 안해서. 그래서 발전이 없는것 같내요,음.. 어떤 솔직한 피드백이 듣고싶을때 오히려 몰래 제보 가능한 아날로그 방식으로 해부시면 좋을것같아요
직원들간 소통이 원활하고 대체적으로 상식이 통하는 곳,직원들간 소통이 원활했어요. 대체적으로 직원들간 수평적인 구조라서 사람때문에 스트레스를 받는 일은 적었어요.,오래된 직원들 중에는 일 안하고 월급만 챙겨가는 경우가 종종 있어요.,직원들의 평가에 좀 더 신경 써주세요.
"개발자에 의한, 개발자를 위한, 개발자의 회사",개발자 출신 CEO라서 개발자 환경에 대한 지원이 좋고 개발자의 어려움에 대한 수용이 강함. 그래서 개발자들이 일하기 좋은 회사임에는 틀림없음.,"CEO가 개발자 출신이어서 좋은 점도 있지만 개발자 출신이라서 내가 해봐서 아는데, 그건 이렇게 하면 되는거 아니냐 등의 얘기들이 있어서 호락호락 하지 않음. 빡세기도 함",개발 기술력은 좋은데 그것을 사업화하는데는 어려움이 있어보임. 좋은 개발력으로 돈도 많이 벌어서 급여가 더 많이 올라갔으면 좋겠음.
개발자 대우하는것 같은데 계속 나감. 여기서 성장해서 네카오 가는것 같음.,연차 사용 자유로운점 좋음. 이런저런 복지 하려고 시도 많이함.,제품 기획력이 예전만 못하고 사내 소통이 잘 안되는편 피드백이 빠르지 못한 점이 다소 있음,새 프로젝트를 들어가면 제대로 운영해서 제대로 평가받게 해야지 운영비용 아껴서 발생한 장애로 인해 저평가 받는것이 안타깝습니다.
옛날의 영광에 의지한 채 연명하는 회사로 비젼은 없어보인다,빵을 준다 나름 이름이 있는 회사래서 이름 말하면 안다 이직할때 유리하다,위치가 좀 애매해서 많이 걷는다 꽉 막힌 경영진 미래가 보이지 않는다,기획 사업을 몇년 하고 말 생각이 아니라 대변화가 필요해보인다
모두가 Goal을 향해 협심하고 노력해요. 직무에 상관없이 주어진 프로젝트에 모두 열과 성을 다합니다.,직원들의 업무환경에 많은 고민과 다양한 시도를 통해 개선하려고 노력합니다. 새로운 사업을 위해 지속적으로 시도하고 서서히 그 결과가 보이는 듯 해요.,직원의 커리어 로드맵에 대해서는 관심이 없어요. 사람이 필요하면 여기모여 저기모여가 심하고 이과정에 정작 본인의 의견은 반영하지 않아요. 따르던지 나가던지 극단적인 선택을 요구해요.,직원을 조금 더 소중하게 여겨줄 수 없을까요? 소모품으로 대하는 느낌을 종종 느껴요.
"열심히 노력은 하는 회사, 그렇지만 성과나 주변 평가가 좋지 못한 회사.",부서장에 따라 다르겠지만 눈치 안보고 지각이나 마음껏 있는 한도 내에서 휴가 쓸 수 있음.,"왜 카카오에 이직하냐며, 이직하기도 전부터 선 긋기하거나 개발자 직군이 아니어서 찬밥 신세인 느낌이 들기도 함. 경영진이 개발자 출신이라 그런 듯",이직률이 높은 이유를 잘 생각해보시면 좋을 듯
주니어 개발자들이 성장 할 수 있는 환경이라고 생각합니다.,"자유로운 연차, 복지포인트 등 평균적인 복지 최근 리모델링으로 쾌적한 환경 주니어 개발자들이 성장 할 수 있는 환경",회사 위치.. 너무 어중간함 그것 말고는 딱히 성장 가능성 있는 회사인것 같음,회사 상황을 더 활발히 공유 해줬으면 좋겠음
개발자 대우가 좋다. 좋은쪽으로 많은 변화가 생긴곳,1. 탄력근무/재택제도: 근무시간에 대해 유연성이 좋다. 누구도 눈치 주지않고 오히려 편하게 사용하라고 하는편. 소속팀과 함께 일해야하는 날이 있다면 그날은 되도록 나오는편. 2. 간식: 잘 나옴 3. 사무실: 리모델링이 괜찮게 된듯. 화사하고 쾌적 그자체 4. 같이 일하는 사람: 어느샌가 젊은 사람들이 굉장히 많아졌다. 서로 님 호칭을 쓰기때문에 위아래 구분없는 편이지만 착한 사람이 있는 반면 말이 좀 거친사람도 분명 있다. 전반적으로 다들 아주 좋다. 또한 의견수용도 잘해줘서 서로 많이 도와가며 일한다.,치명적인 단점으로 점심을 안준다. 회사 위치가 애매한 편,많은 변화를 적극 수용하면서 직원들의 사기를 높여주고 있습니다. 앞으로도 소통 많이해서 애사심을 더 갖게 해주시면 고맙겠습니다.
기존의 안정적인 사업에 신사업을 적극 추진하고 있습니다.,기존 안정적 제품군에만 정체되어있기 보다는 새로운 사업을 시도하는 환경입니다.,사무실 공간이 좁아서 더 넓은 곳으로 이사를 가면 좋겠습니다.,항상 새로운 시도와 직원
개발자들이 성장하기에 적합한 회사입니다. 주니어 개발자에게 추천하는 회사에요.,"전반적으로 편안한 분위기이고, 개발문화가 잘 정착돼있어 주니어개발자들에게는 성장의 발판으로 삼기 좋은 회사에요.",신규 비즈니스의 미래를 잘 모르겠어요. 현재는 안정적이지만 나중에는 어떨지 잘 모르겠어요.,특별히 바라는 점은 없어요~ 직원들을 위해주시는 마음은 잘 알고있씁니다
비전 많고 하고 싶은게 많은 회사인 듯,수평적인 분위기 자기개발 지원 복지 제도 다양 자율 출퇴근,교육이 부족하고 사수가 없는 느낌 알아서 해나가는 느낌이 강하다,합리적인 보상 및 복지체계를 만들어줬으면
몇 안되는 뚝심있는 IT 알짜배기 회사,"연차사용 자유, 열정적인 사람들은 더욱 다닐 맛 나게 해 주는 보상체계",그 많던 복지들이 하나둘 씩 안보이기 시작 합니다. 다 어디 갔니?,회사발전을 위한 미래비전 공유를 더 많이 해주세요
안좋은 평이 많지만 평만큼 나쁘지는 않다고 생각,연차가 자유롭고 재택이 활성화 되어있다. 신입한테는 좋은 편인것같다고 생각함 아 육아휴직도 잘 되어있는 편,"일부 일하지 않는 고인물들, 너무 많은 사공들과 일을 위한 일, 일부 말이 안통하고 일도 안하는 부서",체계적으로 일할수있게 올바른 방향성을 처.음.부.터 제시해주면 좋겠음.^^
"같이 일하는 동료들은 좋으나, 리더쉽이 아쉬운 회사. 성장하기 위한 노력을 한 회사",사람들이 순하고 착하다 - 연차 등을 눈치 보지 않을 수 있다,소통이 매우 부재하고 공감을 시키려는 노력이 없다 - 의사결정이 거의 Top down 방식이다 - 매출과 사업을 위해 유저를 전혀 고려하지 않은 방향으로 제품이 구현된다,직원들의 의견에도 귀를 기울여주세요 - 유저 관점으로 제품을 만들어주세요
연봉이랑 워라벨은 불만족스러우나 직무경험 쌓기에는 좋음,업무적으로 성장하기 좋고 어느정도 네임이 있기 때문에 이직의 발판으로 삼기 좋아보임 같이 일하는 사람들이 친절하고 좋은 편이며 업무 시스템이 잘 갖춰져있음,야근 강요는 없으나 주3회 정도 야근 비개발은 박봉이 맞음,주니어 대비 중간층이나 시니어 비중이 부족해서 시니어 인력 충원이 필요해보임
"연차 대비 다양한 제품에 참여할수 있으며 데이터를 기반으로 한 인사이트 뽑아내기가 매우 중요, 일은 많음","연 120만원 복지포인트 지원, 재택근무시 필요한 물품 구매비 지원, 원하는 도서 구매 신청 가능",일이 너무 많고 효율적으로 처리할 수 있는 시스템이 없다 장급 퇴사가 한동안 많아 불안했음 근처 밥값 너무 비쌈,전직원 주 1회 이상 재택근무 도입 자사 서비스에 대한 외부 전문가 컨설팅
개발자에게 편한 회사. 개발자는 지금도 많은데 제대로 출시된 제품이 있는지 궁금하다,"도서구입비, 자기계발비 지원 외에는 특별한 장점은 아직 모르겠다",의사결정을 언제 내릴지 도무지 감 잡기가 힘들다. 어떨때 의사결정도 안하고 그냥 그렇구나 하고 지난간다,합리적이거나 효율적인 의사결정 체계가 잡혔으면 한다
진리의 팀바이팀을 알게해준 회사. 회사 자체에서 여러 노력을 하고는 있으나 팀 잘못 만나면 회사생활 힘듦,다니기 무난함 회사 차원에서 복지수준을 향상시키기 위한 노력을 함,어느회사나 그렇듯 일부 고인물들이 분위기를 좌지우지하며 흐리는 경향이 있음,문제를 인지하고 소통하려는 모습은 좋은데 실제 개선이 되었으면 좋겠음
신입개발자에겐 강추! 본인이 하고 싶은 기술에 대한 제한이 없고 성장을 위한 지원이 아주 많다. 새로운 사업들도 굉장히 전망이 좋아보인다.,"자유로움(자율좌석 및 근태관리가 따로 없음), 주3일 재택, 열정 넘치는 주니어 개발자들, 강의 및 도서에 대한 아낌없는 지원",점심식대가 나오지 않는다. 단점보단 장점이 더 많아보인다.,점심 식대 지원이 됐으면 좋겠습니다.
중간 시니어급은 다 나가고 현재 라이선스로 근근히 먹고 사는 곳,신입과 병특으로 이어지는 곳 회사 비전은 크게 없어보인다,실력없고 삽질하는 임원진과 밑에서 고생하는 직원들이 안타까움,핫하다는 거 다 하려고 하다가 이도저도 안된 케이스라고 봅니다
다니기 좋은 회사 복지가 나름 잘 되어있고 다양한 방면으로 복지를 늘리려고 한다.,연차 눈치없이 사용할수있고 근속연수 따라서 리프레시 휴가도 제공해준다,딱히 큰 단점은 없으나 굳이 뽑자면 인사관리가 다소 소홀하다는점?,직원들과 소통을 좀 더 원활하게 잘 해주면 좋을 것 같습니다
개발자가 대우 받으면서 보람차게 일할 수 있는 기업,연차를 윗사람 눈치 안보고 쓸수 있음 연차가 많음 호봉제라서 좋음 여러모로 괜찮음,한사람의 평가로 이뤄지는 업무구조 및 다소 올드한 회사 분위기 카페테리아 커피 맛없음,실무진을 좀 믿어주시고 잘 진행해주셨으면 합니다.
옛날기술로 아직까지 울궈먹는 회사 복지는 없음 자율출퇴근 가능,재택근무이나 거의 없어졌음 부속기기 지원을 잘해줌 신규컴퓨터 지급,회사가 고요한분위기 재택근무로 sns로 커뮤니케이션하는데 부재중인경우가 많아,없음 이미 퇴사한마당에 바라는점이 있는게 이상함
사람좋고 일하기 괜찮음 가끔 야근도하지만 적당함,기업 특성상 유지보수 업무가 많고 고인물이 좀 있지만 대부분 사람들이 착함,신규사업의 전략이 모호한 경우가 있음 구체적인 비전을 제시해서 직원들을 이해시켜줬으면 함,딱히 없고 지금처럼 유지해주세요 그동안 감사했습니다
개발자 대우는 잘해줍니다 무엇보다 사내 사람들이 굉장히 좋은편이며 성장욕구가 꽤 있어서 놀랬습니다.,자기계발을 위해 지원이 아낌없으며 개발자 대우가 좋은편입니다.,임원직분이 특정 분야에만 오래 계셔서 그런지 타 포지션에 대해는 크게 관심갖거나하진 않고 성격이 매우 급하신편입니다.,신규 사업에 대해 확신을 갖는건 좋으나 사실 실무자가 보았을때 크게 동기부여가 되진않은것 같습니다. 좀더 확실한 사업 방향을 제시해주시거나 임직원들에게 그에 맞는 보상이 있다면 좋겠습니다(지금은 보상해준다는 말은 있지만 얼마나 어떻게는 모르는 상황)
뜨뜨미지근한 느낌으로 근무하기에 아주 나쁠건 없고 적당 적당 일해도 되지만 일하다 보면 내가 뭐하고 있는거지 라는 현타 올때가 있음,"널럴함, 재택, 사고 쳐도 책임 지라고 안함, 적당히 묻어 다닐수 있음, 카페테리아 커피","일 진행하는데 아마추어 느낌 상당히 남, 회의 시간에 쓸데 없는 얘기로 시간 허비, 비전 없음, 전략 없음, 실행방안 모호, 똑똑한 사람 없음",쓸데 없는 일에 치중하기 보다 미래 먹거리를 빨리 찾고 거기에 집중하세요
끊임없이 도전하는 기업. 지금도 달리고있는 회사. 현실에 안주하지 않는 곳,개발자들 처우가 나쁘지 않은편 열정이 넘치는 분위기 젊은 조직 자유로운 분위기 화기애야한 분위기,부바부 겠지만 야근하는 인원이 많습니다 구내 식당이 없습니다 인센티브가 없습니다 추석 설날 마저도 .. 비개발직군도 챙겨주세요,이제는 아웃풋이 나와야 할 시점이라고 생각합니다. 그리고 워크샵 비용으로 설추석 인센티브 10만원이라도 줬으면 좋겠습니다. ㅠㅠ 열정러들 많은 이스트소프트는 잘 챙겨줄수록 더 열심히 일할거거든요
"학교같은 분위기, 사람이 많이 바뀌어서 올뉴피플 잔잔하고 안정성은 보장되어있음",다들 일을 열심히 한다. 하는 일을 열심히 하면 잘 굴러간다. 휴가 눈치안보고 사용 가능하다. 재택근무를 제공한다,큰 변화가 없다. 도전적인 과제가 주어지지 않는다. 의사결정이 자주 바뀐다,직원을 믿고 밀어주면 좋겠습니다. 일 하는 내내 불안함을 심어주는 경영진의 태도가 너무 힘들어요
겉보기만 화려하게 꾸미려고 하고 내실은 없음 곪을대로 곪아버린 회사,연차를 눈치안보고 쓸 수 있음. 재택근무 제도를 계속 유지함,일정한 몇명에 의해서 회사가 흔들림. 일관성 없는 정책으로 혼선이 았음,경영진 마음대로 이랬다가 저랬다가 안했으면 좋겠음. 입 가볍고 간악한자를 멀리하시오
알바조차 대우받으며 일했음. 알바여도 팀장님이 잘 챙겨주심,수평적이면서 항상 직원을 우선으로 생각한다고 느꼈음.,성장하면 좋을 텐데.. 줌 포탈이 잘 안되는거 같아서 안타까움,더욱 더 발전하는 회사가 되길 응원하겠습니다! 이스트소프트 좋아해요
경영 방침 변화로 퇴사자 다수 발생하고 신규인력 채워지지 않으면서 업무에 구멍이 생기기 시작함,23시 이후 퇴근 택시비 지원 및 저녁 식대 지원 등,퇴사자 다수 발생으로,신규 사업에 적극적인 투자를 통해 성과를 평가했으면 한다
회사 네임밸류가 상당히 좋으나 직원들은 점프업하게위해 한번 스쳐지나가는 회사로 생각하는것 같음,알약이라는 이름을 모르는 사람들이 없어 판매하기는 편하고 좋음,알약이 무료라는 인식이 강해 회사에서 구매해야하는 이유 설명을 무한반복해야하며 기업이 원하는 커스터마이징은 기대하기 어려움 최근 직원들 이탈 조짐이 많이 보임,앞으로도 쭈욱 기업성장하길 바라며 현재 근무하는 직원들의 소중함을 느껴주심 좋겠습니다
비개발직군도 꽤나 괜찮은 대우를 받을 수 있다,업력이 오래된만큼 조용한 범생이 같은 느낌이다. 신사업에 투자나 지원이 잘 되는 것 같다. 수평적이고 자율적인 조직문화를 만드려고 노력하는데 가상하긴 하다.,회의를 너무나 사랑하는 부서가 많다. 뉴비들이 많아서 좀 혼란스러운 분위기다. 또 짧게 근무하고 퇴사하는 인원이 많은 느낌? 수평적,회의 좀 줄였으면 좋겠습니다. 퇴사자들이 더 많이 발생하지 않도록 회사에서 고민하고 노력했으면.. 좋겠다..
가늘고 길게 다니려면 추천 ㅋ 들어가보면 유부녀 유부남 뿐,연차 맘데로 프리하게 다닐 수 있음 케바케지만 내가 본 부서들은 모두 동일한 분위기 그냥 편하게 다닐 수 있는게 이회사의 장점임,롤모델 없음 누구하나 책임지지 않으려는 태도 그저 편하게만 다님,꼰대 사장님.. 아직도 그러고 계시나여..?? 싹다 물갈이 된걸로 아는데 인재들 다 도망갔음
비전이 보이지않으며 주먹구구식으로 일하는 회사. 고인물이 많음.,워라밸이 좋으며 퇴근 후 개인시간을 보낼 수 있음. 커리어 욕심없이 다니기 편함,디자이너 다수가 같은 페이지로 디자인 제안해서 리드/메인 선정하는 프로세스. 같은 페이지로 시안경쟁 시키는 것을 좋아하며 올드한 방식으로 일함..,신규 사업에 적극적인 의지와 실행력이 있었으면 좋겠다..
신사업에 지속적으로 투자하고 발전하려는 회사,"트렌드를 반영하는 복지 제도, 개발 동료들의 역량, 사옥 컨디션, 회사 위치 등이 만족스러움. 자기계발 하고자하면 회사에서 많이 지원해주는 분위기. 젊고 전체적으로 분위기가 좋은 편이다.","분위기가 조직별로 다른 느낌도 있으며 부바부, 팀바팀이 있음. 중간관리자가 탄탄하지 못한 느낌을 받음.",계속 성장 가능성이 있는 회사의 모습을 보여주었으면 함
타이틀만 보고 가기엔 만족스러우시지 못할 회사입니다,"안정적인 직장, 워라밸은 확실하게 챙겨줌, 술에 물 탄듯 물에 술 탄듯 다니기 좋음",넥스트에 대한 워드만 던질 뿐 그 넥스트를 실행하고자 하는 의지를 조직원들에게 전혀 내리지 못하는 경영진,"차라리 현 비즈니스 모델로 유지하는 그림을 그리세요, 그게 잔류 조직원들에게 더 이로울 겁니다."
소소한 복지를 계속 챙겨주고 만들고 있음. 엄청난 행복은 아니어도 회사가 챙겨준다는 느낌을 받음,능력에 따라서 리더가 될 수 있고 업무 기회를 받을 수 있음,월급 루팡이 있고 성장을 기대만큼 하지 못하는 점은 아쉬움,곧 결과가 나올겁니다. 좀 더 힘내주세요
욕심부리지 않고 다니면 괜찮은 회사,워라밸 조절 가능. 당일 연차나 육아휴직 자유로움,비개발은 처우가 매우 안좋음,도대체 우리가 번돈들은 다 어디간겁니까. 사람들 다나가도 기술부서만 잡으면 된다이겁니까?
"다른 중소기업에 비해 좋은 복지, 다른IT기업에 비해 없는 실력","다른 중소기업에 비해 좋은복지(카페, 간식 등) 다른 소프트웨어 중소기업에 비해 좋은 초봉 이름값",점점 없어지는,다른 방향으로 사업발전을 했어어야 했다.. 카발로 돈벌고있을때
적당히 잘 다닐만했던 회사. 직원들과 라포 형성이 쉬웠음,연차를 마음대로 사용할 수 있다. 기업 분위기가 자유로운 편이다. 다들 뭔가 해보고자 노력한다 들등,"계약직에게 해당되지 않는 복지들이 있어서 아쉬웠음. 직원들은 좋지만 일부 직책저눈 음,, 그래도 직원분들은 착했음",사업을 잘 이어나가고는 있지만 뭔가 확실한게 필요해보임. 좀 더 구체적이고 확실한 사업으로 나가면 좋겠음
인턴이라서 그런지 잘 챙겨주고 했지만 너무 조용한 회사였어요.,인턴이라서 그런지 모르시는 분들도 잘 챙겨주고 새로 지은 제주캠퍼스라 건물도 깨끗했어요.,직접 대면해서 이야기 하는것보단 메신저로만 이야기해서 사무실이 너무 조용했어요.,좀 더 활기찬 분위기의 회사가 되었으면 좋겠습니다.
개발자 중심. 개발자를 잘 대우함. 비람만 잘 타면 크게 될 곳,실력 우선주의. 코딩 테스트로 연봉 점프 가능. 개발자는 괜찮은 경력,야근이 좀 많다?? 어쩔 수 없는 상황이지만 야근이 많았음.,일정은 넉넉하게. 다 좋음. 앞으로도 잘 될거 같음
개발자라면 역시 서비스기업로 가야하는 이유를 알수잇는 기업,"연차같은건 기본이고, 개발자들과 함께 성장할수있는 기업. 기본기를 단단히 닦을수 있어 좋았다.","너무 비지니스 영역이 한정되어있는 점이, 나와 회사를 위해서 모두 좋지 않은 부분으로 작용했다.","과거를 버리고, 새로운 미래 먹거리를 찾으셨으면 좋겠습니다. 그리고 해외로 좀.."
다니기에 직원들이 보람차게 다니기 좋은 곳입니다.,여성이 다니기에 좋은 회사 문화이다. IT 계열에서 커리어를 쌓고 싶다면 추천하는 회사이다.,부서별로 차이가 있겠지만 기업이 안정적으로 성장하면 사내 정치가 활발하고 고속성장하면 서로가 똘똘 뭉치는 분위기,모든 회사가 그렇겠지만 신규 사업에 투자를 할 때 의사결정이 어려운 점이 많다.
IT업계 동일하겠지만 개발자가 우대 받는 환경 업력을 인정받아 경력자들 이직을 잘함,"연차자가승인제도, 시차출퇴근, 3재택2출근제도, 연차선부여, 업무장비구매지원비, 새노트북, 사내카페테리아, 제주캠퍼스 근무 및 숙소 사용 가능, 사옥 리모델링, 외부(방송)활동, 행사를 많이함 등","계열사&부서간 알력이 심한편, 장기근속자가 많아 제도 개편이 어려움, 여러 군상의 사람을 경험할 수 있음, 신입고졸개발자가 나보다 연봉이 높은 상황을 목격할 수 있음, 퇴사율이 높은 편, 부서별 온도차이 등","임원 중 일부 활동하는 내용이 직원들에게 공유되어 외부적으로 노력하고 바빠보이나, 내부적으로 근무하는 직원들에게 관심을 주면 좋겠음"
전반적으로 유연한 분위기나 팀 마다 편차가 심한 듯함 팀&팀원 잘 만나면 성장의 기회가 있다고 생각함,팀마다 다르지만 눈치 안보고 연차를 쓸 수 있다는 점과 유연한 근무가 좋음 워라밸 지켜지는 편,일부 사람 & 부서에 힘이 집중된 경향이 있어서 중간에서 눈치를 많이 보는 경우가 종종 있음 주변 밥값이 비싼편,개발위주로 돌아가는 경향이 많아 마케팅 쪽에 적극적으로 힘을 실어줬으면 좋겠음
0점짜리 기업. 인생 한번 그르쳐보고 싶다 싶으면 입사를 추천합니다.,제품이 이미 오랜기간 시장에서 자리잡고 있어서 못해도 티도 잘 안나는 장점이 있음 . 한글 불편해도 그냥 쓰는 것 같은 그냥 먹고 가는게 있지.,회사가 성장이나 공동의 이익이 아닌 오로지 대표. 그것도 전문경영인 한 사람의 임기 연장과 사적 이익 추구를 위해 기업이 운전되고 있다는 생각이 듭니다 그러니 내부 파벌이 날뛰고 남탓에 대표에게 꼬리치기 잘하는 사람이 성공하는 전형적인 오래된 중소기업을 경험할 수 있습니다,대표 교체 전 아무것도 변하지 않는다는 걸 잘 압니다. 허수아비 경영진이 불쌍해요.
기획자로써 나름 조금씩이라도 배울 수 있었던 기업. 하지만 근무 양으로써는..모르겠다,보통 근무시간을 잘 지키기도 하였고 무엇보다 일의 처리가 상사분들이 빠르셔서 오래 기다리거나 혹은 넋 놓고 있는다던지 그런건 없음,문서 작업이 굉장히 의외로 많다? 또한 내집에서 멀기도 하였어서 근무하는데 조금은 불편함이 있었다. 이건 내가 선택한거지만,신규 기획 상품에 대한 적극적 의지를 보여주셨으면 좋겠다.. 애매모호한 환경 속에서의 근무 말고도 정확한 무언가로 사로잡았으면 좋겠다.
무난하게 일하기 좋고 경력 쌓기 좋은 회사. 같이 일하는 사람들이 다 좋음,"코로나 심할때 풀재택, 휴가 자기결재로 편하게 사용, 회사 사람들 분위기가 전반적으로 선함 연간 복지포인트 120만원, 작년 전체 연봉 400만원 상승 등 복지 채워주려고 노력하는게 보임",1인이 소화해야하기에는 솔직히 양이 너무 많음. 부서마다 다르겠지만.. 히스토리가 너무 많아서 팀원에 누구 하나 퇴사해버리면 힘들어짐,인력 충원에 조금 더 힘써주시면 좋겠습니다 퇴사자 생기면 너무 골치아파요..
그럭저럭 가늘고 길게 다닐사람만 다니는 곳 거의 공무원 수준,"팀 잘만나면 정말 일 편함. 월루 많고, 준 공무원 여자들 다니기 좋을듯 아줌마들 겁나 많음",돈돈돈.. 이돈을 받고 일을 하라니 노양심인듯..? 열심히 한만큼 안줌 위에 잘보이는 사람만 잘주는 듯? 월루여도 라인 잘타면 잘나감,인재들 이만큼 뺏꼈음.. 깨달을떄도 되지 않았난 싶은데요 월루들좀 어떻게좀 해봐여
개발자만 우대 그외 인원들은 소모품으로 생각하는 경향이 큼,복지포인트 카페테리아 부분적으로 개선한 사무실 인테리어,인원충원 안함 일 어디가나 있겠지만 월급루팡 다수 포진,개발자만 회사에 돈 벌어주는 사람 아닙니다 뒤에선 다들 열심히 합니다
계약직까지 일해보았지만 일하는 사람들도 지원도 너무 좋고 정말 다 좋지만 쓸데없는 파벌이 존재해서 이사들이 점수를 깎는 기업,모든 팀이 다 잘 지낼수 있는 환경 / 압박이라는게 없음 / 자기 일 열심히하면 누구든 다 도와줌 (사내 프로그램으로 도와줄 수 있는 환경이 준비됨) / 휴가에 대한 눈치도 전혀 없음 / 급여에 대한 스트레스가 없음,진짜 단점은 각 이사들의 기싸움이 보기 좋지 않음 / 생각보다 낮은 복지(계약직) 이라 그럴수도 있음 / 위치가 생각보다 남부터미널에서 멈 (예술의전당에 너무나도 가까움),쓸데없는 자기 팀 꾸리기를 안했으면 함
직원들에 대한 대우가 좋지 않아 퇴사자가 많음,연차를 눈치 안보고 쓸 수 있고 야간식대가 나옴 재택 근무 제도 존재함 워라밸은 좋은편 아님,연봉 및 복지가 좋지 않음 복지가 너어어어어어어어무 없음,직원들을 챙겨줬으면 이렇게 안나갔을것임
체계없이 윗사람 기분에 맞춰 플랜을 정하는 부서 매번 플랜을 변경,오래된 아이티 회사 인지도가 높음 개발자 대우받는 회사,정치질이 심하고 전략이나 비전이 그때 그때 변경된다 직원은 뭔일 하는지 모르고 함,서로 공유좀 잘하고 말만 수평적이라고 하지말길 바랍니다
"나쁘지 않았던, 그렇다고 좋지도 않았던 무난한 회사",워라벨을 챙길 수 있음. 야근이 거의 없다시피함. - 일을 적당히 대충해도 이를 뭐라할 사람이 없음,업무에 대한 성장이 없음. 도태되고 있다는 느낌. 경영진들이 주는 피드백에 공감을 하기 어려움. 모든 것을 직원 탓하는 느낌.,본인들부터 반성하고 돌아봤으면 합니다.
하정말신입이면가세요 경력이면 정말정말 말리고싶음 경력자의 무덤,체계가 있는것같다. 대표가 비전을 제시한다. 휴가 사용이 자유롭다. 개발자를 우대하려고 노력하는척 한다.,신입은 모르겠지만 경력자면 정말 말리고 싶네요 부바부가 심하긴 한데 이럴수가 있나 싶을 정도로 실권자들의 텃세가 심합니다. 님호칭 문화가 있긴한데 정말 쓸모가 없어요 다 님으로 호칭통일 하던지 실장 팀장 이런 사람들만 직급이 있어서 실권자들이 엄청난 파워를 가지고있고 눈밖에나면 이게 회사인가 싶을정도의 대우를 받게될지도 모릅니다. 이런걸 한두번 본것도 아니고 경력으로 이직하시는 분들이 적응못하고 다 똑같이 말해요,수평적인척 하지만 부서장의 세상. 결국 변함없는 탑다운 꼰대 문화
진리의 사람바이사람 부서바이부서입니다.,재택근무와 오피스근무를 섞어서 합니다. 부서마다 다른걸로 알고 있긴 합니다.,좋은 사람도 많지만 아닌 사람들도 많다는거. 아닌 사람들과 일하는건 압박감이 상당하네요.,뚜렷한 비전제시가 있었으면 좋겠습니다.
성과로 보람을 크게 느끼기 어려울 때도 많지만 성향에 따라서는 만족도가 아주 높을 회사,연차 사용이 쉬움 자율적인 근무 분위기 주변 환경이 좋음,대중교통 불편 근처에 적당한 점심식사 해결할 곳이 부족,조금 더 구체적인 로드맵을 보여주고 구성원들이 공감해서 의쌰의쌰 하는 분위기로 만들어주세요
워라밸도 옛말인듯.. 물갈이된 리더급들이 개판이라 워라밸도 옛말임,"팀바이팀으로 워라밸 즐길수있음, 같이 일하는 사람들의 인성이 대체로 괜찮음","리더급들의 실력이 의심되며, 일을안함 책임회피하고 몸사리는건 수준급임 이 회사에서만 10년 이상된 사람들은 대부분 그렇게 버텨서 10년째 다니는것이라고 보면됨",리더급이 관리만 하면 잘된다고 생각하지 마시고 리더에게도 실무를 좀 시키세요. 상황이 어찌 돌아가는지도 모르고 실무 프로세스도 모르는 리더급들이 무슨 관리를 할수있을거라고 생각하시는지?
특별하게 나쁜 사람 없이 지낼 수 있지만 체계적이지 않아 혼란스럽다. 한사람에게 여러가지 일을 시켜서 전문가로 성장하기는 애매,개발자들 실력이 좋다. 여러가지 언어와 시스템들이 있어서 경험치를 올리는데 도움이 된다.,레거시 관리가 너무 많아서 새로운 일을 하기가 힘든 구조. 의사결정이 불투명하다,비전도 없고 어떤일을 하려는지 방향성이 없어서 눈앞에 주어진 일하기 급급하다보니 모두가 의욕이 없는 상태인걸 경영진만 모르는듯하다
알툴즈 고인물들이 젊은 척하면서 꼰대질하는 곳 보여주기식 변화가 아닌 근본의 변화가 필요,반반차? 칼퇴근? 야근식대 만원. 임원급들은 성격 다들 이상함,소통안되고 업무속도가 느림. 새로운 서비스를 시도하지만 잘못된 타겟팅으로 서비스 망함각,아침조회가 직원과의 소통이 아님. 보여주기식이 아닌 근본적인 변화를 해볼 것
좋았고 사람들이 순하고 위로가 되었다. 대부분이 좋은 사람들.,모나지 않았다. 다급하긴 해도 두둑한 호주머니 덕분에 계속 시도하고 접고를 반복했다. 적당한 분위기의 회사다.,성장을 하기에는 천장에 다닿아버린 느낌이어서 답답한 기분이 든다. 어느 회사나 그럴지도 모른다.,각자 역할에 충실하고 잘하는 것 자체가 어렵습니다. 각자 건강하게 삽시다. 몸도 마음도 정신도 건강하게 맑게 자신있게 떳떳하게!
사람 귀한줄 모르는 회사. 내가 생각했던 중소기업 그 자체,연차를 눈치 안보고 쓸수 있음. 회사랑 별개로 선한 사람들이 많고 좋은 사람도 많음.,관리자가 관리자의 역할을 제대로 수행하는건지 의문이 듬. 구성원의 성장을 위해서 노력하기보다 의심하고 눈치 보이게 만듬. 숨 막히는 분위기를 분기마다 조성하지만 이미 익숙해진 구성원들은 한귀로 흘림. 갑자기 왜 저러지? 싶다가도 다들 무시하는 분위기. 사람 귀한줄 모르고 푼돈 아끼려고 하는게 눈에 보임. 조직에 대한 프라이드를 느낀적이 단 한번도 없음. 구성원들도 이미 우리 조직은 약하니까..힘없으니까~~라고 생각하는 분위기.,구성원들을 위해 복지나 보상을 좀 더 많이 주면 좋을 것 같음
"다양한 툴의 제품을 가지고, 어느정도 네임밸류가 있지만 그걸 참 활용못하는 아쉬움이 큰 회사",비교적 수평적인 분위기. 젊은 직원이 많아서 분위기가 좀 다름,"직원이 젊다보니, 반대로 질서와 체계가 상대적으로 부족한편임.",소수의 의견에 좌지우지 되기보단 다수의 의견의 흐름을 가지고 경영하시길
게임쪽 한해 적습니다. 비전과 잠재력이 없는 곳입니다. 다들 공무원 처럼 최소한의 할일만 하고 그 이상의 노력을 하지 않습니다.,체계 프로세스는 잘 잡혀 있어서 신입이 일 처음 배우기엔 괜찮습니다,회사에서 비전을 제시하지도 않고 업계 대비 처우도 좋지 않은 편입니다. 경영진이 무능하고 고인물이라 발전은 없고 쇠퇴만 남은 회사라고 봅니다.,바뀌십시오. 우물안의 개구리처럼 좁은 곳만 언제까지 보고 있을겁니까
다니기 괜찮았는데 사람들 물갈이 되면서 불안해짐,"연차 쓰기 좋음, 평등하게 일하려는 분위기, 수평적 문화를 만들려는 분위기","목적 없이 일함, 성과평가제도가 미비함.","좋은 경영진을 뽑아줬으면, IT기업치고는 올드한 경영 스타일이 있음"
개발자 대우는 정말 좋습니다 그외 직무는 잘 모르겠어요,회사가 힘든 거 같긴한데 그래도 직원들 챙기려는게 보여요 최근 기사 보니 전직원 연봉 인상도 해줬다는데 보기 좋네요,저 있을때는 연봉이 단점이었는데 지금은 잘 모르겠네요 ....,미래 먹거리를 잘 찾으신 거 같은데 그게 수익이 날려면 영업을 잘해야할 거 같아요
"맛있는 저녁 간식 제공 해주는 특혜가 있는 회사였고, 팀 별로 차이는 있지만 게임개발팀의 인력이 보통 1팀당 1~3명이라 다양한 업무를 해야함","4시 즘 1층 로비에 간식 뷔페가 차려져서 직원이라면 마음껏 가져갈 수 있었으며, 야근할때도 든든하게 하라는 회사의;;; 좋은 배려",점점 복지가 줄어들고 결국 간식 제도가 없어졌음.... 승진의 희망이 없어보였고 팀원이 누구냐에 따라 피로도가 많은 편임..,"신규 사업에 적극적으로 투자하고 , 알약 알집으로 성공했지만 유료화 모델이 딱히 없어보여서 매출의 성장이 좀 어려워보임 이 부분에 대한 해결이 필요함"
좋은 사람들이 많이 모여있어 편하게 일하기 좋은 곳,연차를 눈치보지 않고 쓸 수 있음. 근속연수에 따른 보상 휴가 제공. 워라밸 보장. 다양한 부서 사람들과 소통이 원활함.,다양한 경험이나 성장 같은 거는 부족한 편. 평가 시스템이 잘 바뀌는 편. 조직장에 따라서 평가가 천차 만별,합리적인 복지 및 보상 체계를 만들어 줬으면 좋겠음.
그냥 무난히 다니기 좋아요 괜찮음 좋아요 평범하게,복지가 좋고 근무 형태가 쾌적해서 좋음 터치가 많이 없음,수직관계고 내부 정치가 심함,꼰대같은 마인드는 고쳤으면 좋겠음 그것만 아니면 모두 괜찮음
경력쌓기에 좋은곳 오래일하기엔 부족한 기업,복지에 힘쓰려는 대표의 모습이 보임. 다양한 복지제도. 코로나19로 인한 재택근무. 탄력근무제,비효율적인 업무환경. 계약직은 정규직이 될 수 없음. 야근 많음.,합리적인 복지가 필요함. 계약직도 정규직으로 전환될 수도 있겠다는 희망고문 안했으면 좋겠음.
주니어에게 다양한 기회가 주어지는 곳,다양한 서비스를 하다보니 연차가 적은 주니어에게도 신규 프로젝트 기회가 주어지는 점이 좋았다. 규모에 비해 가족같은 분위기로 직원들간에 서로 유대감이 있다.,부서에 따라 다르지만 야근이 꽤 잦은 편이었다. 직원들이 대체로 젊은편이라 이직이 잦은 편인 것 같다.,직원들에게 명확한 비전을 제시해주고 동기부여를 해주면 좋을 것 같다.
기업 위치가 너무 나쁨 주위환경도 별로임 지하에 이상한거 설치되어불편함,연차는 내맘대로 전사재택근무중이라 집에서 편하게 일할수 있는것 빼고없음,무엇을 추구하고 사업을 하려고 하는지 모르겠음 그냥 다른계열사의 이윤으로 기생하는듯.. 다른 계열사랑 소통을하는지도 의문임,신규사업 한다고 하는것 같은데 방향성이 맞는지 모르겠고 계열사와 잘소통하길..
어디로 가고 있는 회사인지 모르겠다.. 잘 모르고 입사했다면 적당한 시기에 이직하세요.,"장점이 있을까? 그나마 알약, 알집으로 회사인지도가 있다는거?","박봉, 내부 정치 심함, 부서간 다툼 많음, 대표 및 임원들의 무능함.. 등등등",이제는 바라는 것도 없음. 투자자들만 불쌍함. 이대로 가단 다 망합니다~ 정신차리세요~
개발자가 대우받으면서 보람있게 일할 수 있는 기업,회사 내에 카페테리아가 있어 비교적 저렴한 가격에 복지를 누릴 수 있음,다른 경쟁사에 비해 기업이 보수적인 편이다.단점이라고 보긴 애매하지만 IT기업이다보니 일반 사무직이 성장하기가 조금 어려운 편이다.,게임개발 외 다른 기술도 보유하고 있는 만큼 좀 더 공격적으로 시장을 공략한다면 더 좋은 회사가 될 수 있을 것 같습니다.
"안정적인 분위기, 친절한 동료들이 장점인 회사, 앞으로의 성장도 기대할 수 있다","소프트웨어 회사로서의 장점도 있고, 체계적인 관리가 이루어진다는 점도 경쟁력이 있다고 보인다.","은근히 보수적이고, 은근히 위계질서가 있는 느낌의 조직, 창의력은 좀더 적극적인 사기고양에서 자유롭게 생겨날 수 있을 것이다.","오래된 직원의 관습만이 아닌, 새로 합류하는 직원들에게 좀더 회사의 장점과 보상을 확실하게 보여줄 필요가 있다."
동료들 좋음 착함 워라밸은 자기 챙기기 나름 전망은 잘모르겠음,눈치안보고 연차쓸수있다 자가결제가 가능함 재택 근무가 활성화되어있다,일단 연봉 너무 짬,신규사업의 방향성이 안보임 명절 상여금이 있었으면 좋겠다
개발자 중심으로 돌아가는 회사 개발자가 실력을 쌓으면 외부로 많이 나감..,기업문화를 중요시 하고 직원 눈치를 많이 보는 회사라서 좋은점이 있음,회사를 이끌어가는 개발자들이 한꺼번에 우수수 들어와서 우수수 빠져나감,젛은 기업
"주니어 기획자는 다양한 경험 쌓으면서 배우기 좋은 회사, 제품 프로세스의 AtoZ를 경험해볼 수 있음",제품 프로세스의 전반적인 것들을 다 담당해보기 때문에 포트폴리오 쌓게 좋음. 작년 11월부터 전사 재택근무 진행중,기획자가 많이 없어서 혼자 동시에 많은것을 하게됨. 제품 퀄리티에 신경 쓰기 보다는 일을 쳐내기에 급급함,실현 가능한 목표 설정과 적절한 보상
회사 이미지나 규모대비 체계가 없는 회사 월급 안밀리고 잘나옴 2-3년 다니고 이직하기 좋은회사,연차사용 워라벨 월급잘나옴 팀 잘만 걸리면 월급루팡 가능 이력 부족시 2년정도 근무후 몸값높여 거쳐가기 좋은회사~,오래 근무하는 사람이 없는거 같음. 능력있는 직원들은 다 나가는것으로 보임,그냥 이대로~ 쭈욱~~~ 다니게 해주세요~~~ 이스트 화이팅
그저그런 회사 복지포인트 휴가자기결재 재택근무(팀바팀),그저그런 회사 복지포인트 휴가자기결재 재택근무(팀바팀),꼰대들 그득함 일을 위한 일하는 사람 천지 성장이 없음 일잘하면 일더줌,몰려다니며 정치싸움 밥그릇 싸움 그만하고 일좀하시길 책임도 좀 질줄 알고
이스트는 추천드리지만 계열사는 비추드립니다ㅠ 계열사의 사장에 따라서 회사 분위기가 완전히 달라지는데.. 감정적으로 소통한다고 느끼는 때가 좀 있습니다.,연차나 소통에 있어서 눈치 보지 않고 편하며 실수에 너그럽습니다,이건 어딜가나 마찬가지지만 감정적인 일부 상사가 있는데 그 분들을 잘 피하는 방법이 필요합니다ㅎ,계열사 포함 모두 같은 방식으로 운영하고 계열사별로 별도 움직이지 않고 같이 하면 우리 모두 하나라는 느낌이 들 수 있을 것 같습니다
우호적인 지원 부서의 분위기로 일하기 편한 환경이 되어 있었음.,"연차 사용이 자유롭게 가능하고, IT기업의 특성상 자유로운 복장이 되어있음.",헤드가 바뀌면서 기업 분위기가 많이 바뀌었다고 전달받음. 기존에 있던 인력들 이탈도 점점 생겼었다. 그러다보니 개발쪽 부서가 조금 어수선한 분위기,직원들이 하고자 하는 방향과 오너가 원하는 방향이 어느정도 일치되었으면 좋겠다.
신입한테는 좋을수 있겠지만 오래 다닐수록 고이기 좋은 회사,사람들이 날서있지 않다는거는 장점 연차같은거 자유롭게 사용가능하나 이거는 팀바팀이좀 있긴한듯,오래 다닐수록 성장한다는 느낌을 받을 수 없음 제품 자체도 그렇고 개인적인 성장도 이루어지지 않음,다른 회사들은 요즘 연봉 인상한다고 말 많이 하는데 이스트는 어떻게 되는지요
개발자에게 모든 파워가 집중 되는 개발자만을 위한 회사. 자유로운 근무와 내부에 카페테리아도 있기 때문에 업무는 편하게 할 수 있음,서울 서초 한복판 번듯한 사옥을 가지고 있고 계열사가 많은 빛깔 좋은 회사 계열사가 많고 젊은 회사이기 때문에 트렌드를 따라가려는 노력을 많이 하는 편,조직 개편이 항상 있기 때문에 어느 순간 내가 어느 팀 소속인지도 잊을 정도로 다이나믹 함. 이로 인해,신규 사업 추진 시 미래도 바라 보고 틀을 짜주기를 바라며 탄탄한 회사가 되기 위해서는 다각적인 시각이 필요합니다
워라벨 지키면서 욕심 없이 다니기에는 나쁘지 않은 회사,"워라벨 좋음, 연차 휴가 쓰는데 눈치 안봄 의외로 수평적인 관계",임원진이 돈 벌 생각이 있는건지 모르겠음 방향성 제시를 못함,신규 수익 창출 모델 발굴좀 했으면 좋겠음 개발 환경 개선도 부탁
성장은 한 곳. 하지만 앞으로는 ? 의문이 있지만 현재로썬 다니기 나쁘지 않음,연차 자유로움 - 생각보다 쾌적한 오피스 - 아침 토스트 제공? - 복지포인트,생각보다 수직적인 업무 프로세스 - 하고 싶은 말을 두번정도 삼켰다가 말 해야함. - 이랬다 저랬다 바뀌는 경영 방침,음..네. 그렇습니다. 화이팅입니다.
개발자 커리어를 시작하기 좋은 기업. 개발 사관학교라는게 어울리는 회사,워라밸을 지킬수있는 업무 강도. 복지포인트를 통해 가지고 싶은거 편하게 사기. 배울점이 많은 좋은 동료들,업계 대비 낮은,직원들의 불만이 날이 갈수록 높아지는데 이 상황에 대해서 적극적인 소통을 해줬으면 함.
커리어에 무난한 중소기업. 전형적인 한국기업.,사내 카페가 있어서 좋았다. 자체 사옥이 있어 편리한 점은 분명 존재했다.,당시 9시-6시 출퇴근. 내부 포탈로 총 지각 시간을 보여지고 순위까지 보였다.,직원들과의 커뮤니케이션을 좀 더 열심히 해줬으면 했다.
"비개발자가 차등대우 받으며 일의 성취나 의미,개인의 성장과는 거리가 멀게 돈과 시간을 교환하며 소모적으로 인생을 보내는 곳",하얀색 A4지가 탕비실에 있습니다 복도에 형광등이 모두 잘 들어옵니다 정수기에서 따뜻한 물이 제공됩니다,사장님이 문제인 회사 타이틀은 전문경영인인데 경영을 하나도 못함 자기 주식과 스톡만 예찬하고 다님 자존심이 세 비난을 받으면 못견뎌하고 개꼰대라 토의나 협의의 방식으로는 올바른 의사결정에 도달할 수 없음 기본적인 직원에 대한 신뢰보다는 의심이 바탕에 깔려있어,개인회사만도 못한 경영 방식에서 벗어나 정상적인 경영을 요청 드립니다
편하고 워라밸을 지키면서 다닐 수 있는 회사.,수평적이고 연차를 자유롭게 사용할 수 있음. 일단 편하게 회사 다니기는 좋음.,말 그대로 편하게 다니기 좋아서 그 생활이 편해지기 시작하면 계속 이렇게 지내면 미래에 괜찮을지 걱정이 생기기 시작함.,"실질적으로 직원들이 원하는 게 무엇인지, 제대로 보상을 하고 있는지 살펴보는 것이 좋을 것 같음."
워라벨 보장하는 공무원 마인드 회사 생각보다 사원들 연령대가 많이 어림 (20-30대초 위주),눈치안보고 쓰는 연차 및 근태에 따른 안식휴가부여 및 정시퇴근 가능한 얼마안되는 워라벨 보장 it회사,밥벌이가 없고 직원들이 다들 공무원 마인드라 적극성이 많이 떨어짐,코로나 잠잠해 지면 카페테리아 다시 열어주세요
개발자를 대우해 주지만 실력을 키워줄만한 곳인지는 의문,"수평적인 조직 문화, 워라벨을 지키지 좋음, 개발자를 많이 배려해줌","개발자를 성장시는 개발 문화가 없음, 퇴사율이 높아보임",경영진을 대해본 경험이 없어서 바라는 점을 꼽기가…
다닐땐 괜찮은 회사였지만 웃으며 그만두는 동료를 본적은 없다.,"재직 당시, 젊고 앞으로 전진하는 느낌의 회사라고 생각했다.",막무가내식의 전진이었다고 느낌. 시장에 없던 제품 또는 가장 뛰어난 제품을 위한 전진이 아니었다.,"그만두는 동료와 남겨지는 동료 모두, 회사에 부정적인 감정적인 소모를 줄이는 인간미."
기업의 문화가 오래된 느낌으로 정체된 느낌을 받을 수 있음. 사람들은 모두 좋으나 진취적인 성향이 부족,전반적인 나이대가 어린 편이고 분위기가 강압스럽지 않음. 그리고 개발자 위주의 정책과 문화는 잘 갖춰짐,기업의 덩치가 커지면서 기업 내 사내 정치가 생김. 그로 인한 피해자와 파벌의 형성이 보임. 또한 개발자 이외 직군에 대한 배려가 부족하고 전반적으로 한팀이 아닌 각 직군에서 빌려와야하는 구조로 되어있음,모험적인 투자와 성격이 필요. 카피캣 전략이 아니라 모험적이고 도전적인 성향이 부족. 신규 사업군에 대한 투자 또는 개발이 실제로 바라는 것보다 덜 진취적임. 분명 좋은 문화와 재능있는 직원들이 있기에 이 부분에 대한 개선 필요.
"다양한 개발 경험을 할 수 있으며, 팀에 따라 워라밸이 좋은 회사. 중소기업 치고는 높은 연봉이지만 업계 대비 낮은 수준","팀바팀이지만 대부분의 팀이 수평적이며 좋은 분위기를 가지고 있음. 개발자를 대우를 잘 해주고, 다양한 업무를 경험할 수 있음. 사원이 PM을 맡는다던가 젊은 사람이 부서장을 맡는 등 직책을 맡을 수도 있음. 팀에 따라서 워라밸을 즐길 수 있음.","회사에서 오래 일한 사람들(속칭 고인물)과 신입들 밖에 없는 회사. 다양한 업무 경험을 할 수 있지만 업무 과중과 잦은 야근으로 이어질 수 있으며, 나름 오래 된 회사답게 레거시 코드들이 많음",잘 되는 서비스에 투자를 해줬으면 함. 인력은 적은데 하는 서비스들이 너무 많아서 잘 되는 서비스에 집중을 했으면 좋겠음.
스스로 발전하고자 하는 마음만 있다면 기회를 주는 회사,일정에 따라 불가능한 경우도 있지만 특별한 일이 없다면 연차 사용이 자유롭고 분위기도 수평적임,깨어있는 기업인 느낌안에 꽉 막힌 분위기를 느낄 수 있음,회사 발전 방향성을 구체적으로 보여주세요
서로 챙기는 기업 문화가 좋아보였고 그 당시는 뭔가 잘나가는 회사였는데 지금은 어떤지 모르겠다,거의 십년 전임에도 불구하고 워라밸을 챙기는 문화가 있었고 (개발자아님) 아르바이트 였지만 팀원들이 잘 챙겨줘서 아직도 이미지가 좋은 회사다.,알약으로 번 돈을 다른 곳에 투자하는 것 같은데 성공 가능성은 희박해 보인다는 점. 좀 더 가능성이 있는 곳에 투자할 필요가 있어보인다,예전처럼 잘 나가는 벤처의 느낌은 없지만 앞으로도 좋은 기업으로 성장하시길 응원합니다.
아르바이트였는데 재택근무에 노트북까지 대여해주셔서 정말 좋습니다.,짧은 기간이지만 연차도 쓸수 있어서 좋았습니다. 반차도 가능하고 시급이 높아서 정말 좋았습니다.,1달 반가량 근무하면서 불편한 점은 딱히 없었습니다. 알바하는데 업무에대한 메뉴얼이 아직 탄탄하지 않은듯 하네요.,앞으로도 좋은 자리가 많아지길 빕니다.
1. 개발자가 대우를 잘 받을 수 있다고 생각 함. 2. 성숙한 기업문화를 가지고 있다고 생각 함.,업무가 상당히 자유스럽다. 자유롭다는 것은 자기가 해야 할 일을 해내는 이들에게 부여가 된다. 간혹 난의도가 높은 업무들이 오지만 함께 해결하려고 하는 습성이 있다.,"업계 평균 연봉보다 높다고 생각을 한다. 나의 입장에서는 평균보다 낮았다. 부족한 점을 스톡옵션 (구매권)으로 채워주는데, 매력적인 가격이 아니다.","그동안 감사했고, 앞으로도 생각하겠습니다. 저에게 일생 최고의 회사였습니다."
어느 개발사가 그렇듯 개발자가 갑인 회사 정치알력싸움이 상당한 회사,야근하면 다음날 지연출근 제도가 있습니다 야근을 많이 했었죠,나이 많아지면 자동 승진인데 뭣하러 이런 걸 만들었는지 알 수 없음,너무 돈 줄일 생각만 하지 말고 인프라에도 투자를 좀 해 주세요
외부에서 보는것과는 달리 보수적 집단입니다.. 이,짜잘한 복지 제도들이 있긴 한데 기존 오래다니신 직원들 대상이 많습니다,월급 및 성과금이 아주 적습니다. 돈이없어서 인지 왜인지,앞으로. 성장하는 기업이 되었의면 좋겠습니다. 내부 시스템 투자도
전형적인 한국형 수직구조 회사입니다.,비개발자 혹은 개발자라면 본인이 월급을 받는 만큼만 일 한다,"개발자는 받는 만큼 일하고, 칼퇴 가능하며 회사에서 엄청 밀어준다. 하지만. 비개발자는 개발자를 떠받들어야하는 구조이다",개발자와 비개발자 차이를 너무 티내는거 아닌가요
사람만 아니면 평이했던 경험. 규모는 작지만 나름 아이티 기업 느낌도 나고 수평적인 분위기도 분명 존재함,몇몇 빼놓곤 분위기 괜찮고 근무환경 나쁘지 않음. 카페테리아 있고 복지에 신경쓰는 티도 가끔 남,미래가 있는지 잘 모르겠고 회사의 방향성이 모호한느낌. 대중교통으로 출퇴근 애매함.,위에 몇몇 꼰대가 권력을 휘두르는데 경영자들은 좌시하는 느낌입니다. 보다 창의적으로 근무할수있은 환경 부탁드립니다
그냥 편하~게 다니거 싶으면 추천 근데 이것도 케바케.. 정말 급여가 적어도 너무적다,자유로운 분위기 젊다..? 지각해도 아무도 뭐라안함 그외에 글쎄.,자유로운 분위기 외에 장점 하나도 없음 특히,꼰대 경영진. 잘난척좀 그만 사람들이 왜나가는지 정말 한번 진지하게 고민좀 해보세요
"총 두번의 인터뷰 진행, 실무면접은 경력위주로 편하게 진행되었고 임원 면접은 특히 긴장된분위기로 딱딱하며 공격적인 질문들의 진행","코로나로 재택근무 문화가 아주 좋고 독서품의 업무관련 도서구매 해주고 관련 자격증 취득시 포상금 지원, 업무환경 자료 써치 문서공유가 아주 잘되어있음","사내 분위기가 너무 경직 되어있는 것, 수평적을 지향하나 수직적인 문화, 인력이탈이 너무심함 이탈로 인한 공백을 신입을 비롯한 저연차를 급성장시켜 메꿈",실무자 의견 듣지않고 철저히 리더들만의 사업목표와 진행설정 전문적이지 않음 게다가 너무 자주바뀌는 부분에 지침
개발자들이 대체로 착함. 기획자는 시키는것만 해야하는 경우도 종종있음. 기획a-z까지 다 챙겨야해서 성장엔 도움이 됨,"연차 사용이 자유로움, 여직원이 많아서 육휴 등의 눈치가 없는편",업데이트 일정 때문에 스트레스가 있음. 기획자가 해야하는 잡무가 많음,더 가치있는 서비스를 만들며 성장하고 마케팅에도 투자를 좀 더 했으면 좋겠다.
노는 사람들이 많다. 고인물들이 많다. 라인을 잘타면 된다.,재택근무 활성화로 편하게 일할수 있음. 그만큼 농땡이 부리는 놈들이 많음. 모 계열사는 ㅇ무원이라는 철밥통 별명이 생김,비전이없다. 다들 일 안하려고 하고 경력개발에 도움이 안됨. 급여가 짜다.,신규 사업 추진에 적극적인 의지를 보여줬으면 좋겠습니다.
신입에게 매우 가혹한 회사 그런데 경력은 손에서 모래알 새듯 빠져나가는 회사,반반차? 0.25일 단위로 휴가를 낼 수 있음 ㅎ 연봉 낮은 대신 워라밸이 좋음 ㅎ 이거 두개,한번 시켜보고 못하면 바로 out. 잘하는 애를 밀어줘라가 대표의 뿌리깊은 생각. 그런데 한번에 잘하는 신입은 없음.. 그런고로 매우 가혹. 또 서비스가 많아서 알툴즈같은 겅우 손은 많이 가는데 업무 성취도는 없음 제로임. 즉 포폴 쌓기도 별로인 회사,직원한테 바라지말고 경영진이나 잘하세요. 애들 워크숍 준비했는데 평가질이나하고
모든분야에서 평균 이상의 기업문화를 가지고있으나 급여는 평균이하,경영진이 그래도 젊은 문화로 가려고 하는것이 눈에 보임,차장급 젊은꼰대가 상당히 보임 감투를 쓰고 권력을 휘두르는중,더좋은 회사가 되기위해서 노력하는게 느껴집니다. 긍정적인 결과가 있길 바랍니다
대표와 인사팀장의 놀이터인듯. 똑똑한 사람들은 다 떠나고 고인물들만 남은 회사. 재직중인 직원들의 의견을 받아들이고 새로운 마인드를 고려해주세요. 떠나는 직원들의 의견을 받아들여주세요. 소프트 직원들은 함구하지 말고 적극적으로 의견을 피력해주세요.,"코로나 시기에 적극적으로 재택을 장려했습니다. 다만, 자회사들도 챙겨주시면 좋겠습니다. 자회사 상황에 따라 재택이 불가능하여 상대적 박탈감을 느꼈습니다.",인사팀 팀장이 무슨 능력이 있길래 임원들 다 제끼고 정사장님과 쿵짝이 맞는지 모르겠네요. 인사팀장이 채용한 인력이 어떤 성과를 냈는지 모르겠습니다. 그들만의 정치질이라고 밖에 생각하지 못하겠네요.,이스트소프트의 장래에 희망이 있나요? 어떤 계획이 있는건지 공유해주세요.
젊은 회사로 유명하지만 마인드는 젊지 않음 자율적인 회사인지는 반반,병특에게 좋은 회사임 다양한 분야의 자회사가 있다는 점,연차 자유로운 사용은 부서장에 따라 다름 발전가능성이 있는지 모르겠음,직원들에게 관심 좀 가지면 좋겠다 편파적인 관심으로 부작용이 있음
"윗사람 눈치봐야하는 회사, 직무에 맞는 대우를 못받는 회사, 보수적인 기업이 아닌 것 처럼 보이려고 애써 노력하지만 너무나도 수직적인 회사 분위기",1. 동료로서 좋은 사람이 많다. 서로 도와가면서 하는 선한 분위기. 2. 워라밸이 어느정도 지켜진다. 야근이 거의 없다.,1. 직무에 대한 전문성을 키우기가 어려움 2. 명확하지않은 디렉션으로 시간 허비하는 경우가 많음 3. 리더급은 자신의 이익에 맞춰서 행동하고 팀원들을 생각하지 않음 4. 자사 서비스들이 매력적이지 않으며 성장가능성이 없음 5. 효율적이지 않은 업무방식,은 딱히 없습니다.
다양한 경험을 해볼수있는 신입에게 좋은 직장.,다양한 경험을 해볼수있다. 신입이 경력쌓기 아주 좋은 직장이다.,진정한 리더가 없다. 그래서 오히려 개인역량을 키우고 경험해보기에는 더 좋을수도있다.,"회사의 방향성은 좋다고 생각함. 다만 큰틀만 있고 그안의 내용물인 회사운영(프로젝트,사람관리등)에 있어서 세세함이 부족함."
개발자에게 권한과 성장의 기회를 균등하고 꾸준히 보장해주는 직장. 경험을 쌓기에 좋은 회사,연차를 쓰는데 눈치를 보지 않는 문화. 젊은 평균연령으로 자유로운 분위기가 좋다,가끔 꼰대가 있어서 업무하는데 참 어려움을 겪을때가 있는데 참 안타까움,직원들을 진심으로 생각해주고 자신들의 이익만 챙기지 말고 정치질좀 그만
좋은 회사다. 사람이 좋다. 실략자 개발자들이 꽤 있다. 여러 사업을 하고 있어서 배울게 많다.,안정적인 수익원이 있다. 한 순간에 망할리는 없음. 코스닥 상장기업,폭발적인 점프를 할 수 있을듯한데 아직은. 곧 수직상승하길.. ㅎㅎ,좋습니다. 뭐 딱히 바라는건 없어요ㅎㅎ 잘 되길 바랍니다.
개발자가 대우받으며 일할 수 있는 곳 입니다.,실력있는 개발자는 언제든 좋은 여건에서 개발을 할 수 있도록 구조가 되있는 것 같습니다.,약간 사무실 위치가 집을 근처로 이사가기 힘든 위치입니다.,최고의 서비스를 위해 항상 노력하시는 모습이 정말 배울점이 많다고 생각합니다. 잘 부탁드립니다.
개발자들과의 소통이 원활하고 인턴임에도 바로바로 연락할 수 있을 정도의 수평적인 관계를 가지고 있음.,연차를 한달에 1번씩 스케줄체크한 후 미리 얘기하고 쓸 수 있었고 아침에 먹을 수 있는 빵이 카페테리아와 카페가 사내에 있어 편하게 먹을 수 있음.,수평적으로 대하는 듯 하나 인턴 동기들과 밥을 먹다보니 팀원분들과의 사이가 벌어지는 듯한 느낌이 들기도 했으나 한주에 한번씩 점심밥을 같이 먹으며 친분을 쌓음.,오랜시간 일을 하지는 않았으나 다른 사람의 자리에 들어가면서 경영에서 느낀것은 부서에 팀원이 자주 바뀔 만큼 힘들거나 안정적이라는 느낌이 들지는 않았음.
야근강요없음. 상장사. 연차사용자유. 그외 장점은 본인 역량.,다양한 도전을 해볼수 있음. 야근강요없음. 연차사용자유. 상장사.,다른 회사의 단점과 비슷.(급할 때 인력 충원 속도가 좋진 않음),"개발자 처우가 비교적 좋다고 생각하는듯 하나, 근래 동종 업종의 개발자 처우의 최대치는 부족해보임.. (처우 최대치가 타업체 평균치와 같으면, 실력있는 신입지원자가 줄어듦..)"
벌이는 일은 많지만 수습은 잘 못함. 무엇을 위해 고생하고 일하고 일하고 있는지 현타가 자주 옴..,연차나 휴가 사용이 자유로움. 복장 규제가 없음. 야근 안하는 분위기.,업무에 비해 너무 적은 연봉. 특히 비개발자직군의 처우가 너무 심하다고 생각함.,"직원들의 고질적인 불만.. 충분히 많이 들은걸로 알고있습니다. 듣지만 말고 행동할 때가 아닐까요. 하나 더, 개발자만큼 비개발자도 대체하기 어렵습니다. 사람을 소중히 생각해주세요."
좋은 사람들과 좋은 환경에서 일할 수 있는 개발자에게 정말 좋은 회사입니다.,"자유로운 연차 사용, 탄력적 출퇴근, 안락한 카페테리아",좀 더 다양한 복지 제도가 도입 되었으면 좋겠습니다..,딱히 없지만 연봉을 많이 올려주셨으면 좋겠습니다....
말만 번지르하고 진짜 중요한 건 모르는 회사. 회사가 오래 살아남으려면 시장이 어떻게 돌아가는지 아셔야합니다.,젊다는 것. 모든게 다 신선하다. 다만 너무 젊고 너무 신선해서 탈이지만..,정치는 정치대로 엉망이고 실력있는 개발자는 다 나가고 있고 고등학교 막 졸업한 애들이 제품 만들고 있고 대표는 어떤 투자받는거에는 관심도 없고..,앞으로 어떻게 나아가야하는지도 물론 고민하셔야겠지만 지금 어떻게 살아 남아야하는지부터 고민하셔야 할 겁니다.
"젊고 자유로운 분위기의 회사, 공익을 위해 끊임없이 고민하는 회사",임직원들이 젊기 때문에 꼰대 문화가 비교적 적은편 본인만 당당하고 자신감 있게 일하면 그 능력을 인정받을 수 있는 회사,회사 자체의 문제는 아니지만 개발 중심의 회사이다보니 다른 쪽의 개발외 부서의 입지가 상대적으로 작게 느껴짐,초심을 잃지말고 앞으로도 더 발전하는 회사가 될 수 있었으면 합니다
IT 관련된 다양한 업무경험 쌓는데 도움이 된다,사람들이 대체로 좋고 업무환경도 좋은편이다. 주니어로써 업무 기회가 많이 주어져서 좋았다.,크게 불편한 정도는 아니고 약간 수직적인 분위기가 존재하였다.,대표님이 열정적이고 직원들과의 소통을 중시하는 것 같아서 좋았다. 기업의 비전이 좀더 명확하면 더욱 동기부여가 될 것 같다
"개발자 위주인데, 개발자가 많지는 않음",휴가를 자유롭게 쓸수 있다. 휴가를 자유롭게 쓸수 있다,"의사결정 단계가 많고 일부에 집중 되어 있으며, 느리다",제발 주변 인재를 잘 활용하시길. 제발 주변 인재를 잘 걸러 내시길
"열심히 돈을 모아둔 돈으로 개발이나 인력에 투자 좀 했으면.,..",생각보다 분위기는 자유료워서 좋다.하지만 젊은 꼰대부터 시작해서 고인물들이 있지만 자나름 자유롭다,꼰대가 많다. 근데 돈은 조금 준다,제발 새로운 신규 산업에 투자 및 인력 투자를 했으면 좋겠습니다..
평범한 사람들이 모여서 일구는 기업이라고 생각한다,모난 사람이 없다 팀에 따라 다르겠지만 워라밸을 중시하는 편이다 기업이 도덕성이 높은 편이라고 생각한다,특출난 사람이 없다 그렇게 때문에 경영진의 의견대로 갈 수 밖에 없는 편이다 경영진의 관심이 미치지 못하는 부서는 생산성에 많은 차이를 보인다,스타 인재를 한 명 정도 두어서 권한을 위임하면 좋은 결과가 나오지 않을까요
공무원처럼 계속 머무르기 좋은 기업 인듯,직업 안정성이 매우뛰어난 듯 요즘은 잘 모르겠지만 자동으로 호봉제로 연봉도 오르고 알약이라는 언제나 먹히는 제품을 가지고 있어서 꾸준함,도대체 찾질 못하는 미래 먹거리와 이미 경직될대로 경직되어버린 기업,"옛날의 성공에 취해서 이것 저것 시도를 해보긴 하지만 혁신적인 도전은 못하고 있음, 그냥 직원들 월급 주기 급급한듯, 투자를 받던 대출을 받던 새로운 도전이 필요해보임"
부서마다 다르지만 실력에 따른 발전의기회가 있는편인듯,"비교적 수평적인 분위기. 상사 부하할것 없이 의견을 제시할 수있고, 업무형태가 비교적 자유롭고 조용한분위기에서 일할수 있었던것 같다. 일반적인 기업에 비해선 IT라 그런지 실력을 우선시하는편",오래있지는 않았지만 위에서 말한장점이 모든 사업부에 해당하는것은 아니고 팀마다 분위기는 꽤 상이한 느낌이었음. 팀 사업부문별로 문화가 상이할 수 있음,경영진에게 크게 바라는 점이 있지는 않았지만 여러모로 인재에 대한 관리를 좀더 힘써주시면 더욱 발전하지 않을까 싶습니다
it 필드를 경험해보고 싶다면 추천. it 회사의 처음부터 끝까지 경험할 수 있음.,연차 자기 결제 제도 좋음. 자유로움. 젊은 사람들이 많음. 열심히 하는 사람들은 잘해서 자극제가 되기도 함.,일이 너무 많음. 사람들이 꾸준히 계속 퇴사하는 것에 대해 깊이 생각하지 않음.,방향성이 뚜렷하지 않아 일을 할때 힘듬
중소기업이지만 대부분 합리적인 사람들과 일할 수 있는 곳,"퇴근할 때 눈치 안봐도 되고, 연차도 자유롭게 낼 수 있는게 좋음","일을 위한 일이 늘어나는 중, 현황파악과 조사 업무가 많아짐",확실한 사업계획을 제시해줬으면.. 이것도 하고 저것도 하고
"이전의 영광으로 아직까지 먹고 사는 회사, 알약 이후로 미래 먹거리가 보이지 않는다","꾸준한 매출 발생으로 인한 임금안전성이 높음, 그리고 호봉제로 연봉이 자동 올라감",미래 발전을 위한 먹거리를 찾지 못하고 있으며 아이티기업이라기에는 너무 딱딱하고 경직된 회사,공무원스러운 회사 분위기가 아니라 좀 더 오픈하고 진취적인 말랑한 기업이 되었으면함
좋은 분위기에서 일할 수 있다. 딱딱하지 않고 수평적이고 자유롭다.,연차를 자유롭게 쓸 수 있다. 아무리 높은 분이라도 후임들에게 꼰대짓을 하지 않는다(IT기준). 세세한 복지도 좋은 편이다. 일만 많지 않다면 칼퇴도 가능하다.,위치가 살짝 애매한 곳에 있어서 교통편이 애매하다.,인사평가를 조금 더 객관적인 지표 아래 해줬으면 좋겠다.
시니어 꿀빨러가 매우 많다. 공무원처럼 다니고 책임회피하고 싶다면 추천,본인이 원한다면 꿀빨러에 합류할 수 있다. 예술의전당이 옆에 있어 꿀빨러에 친화적인 환경이다.,시니어 꿀빨러 아래에서 주니어만 갈리고 결국 이직한다.,유체이탈 화법 그만하시고 본인이 책임을 다하세요.
개발직군 이직 전문학교. 개발자에 의한. 개발자를 위한. 개발자의 회사,수평적인 사무분위기. 업무시간에 하루종일 주변 카페에서 뻐기는 사람이 많음. 그정도로 자유로운 분위기. 휴가 자유로움.,정치에 관심없는 사람은 진급못함. 하루종일 주변 카페에서 죽치는사람들 많음.,능력없이 말만 번지르한 사람들보다 실무에서 고생하는 직원들 처우좀 개선해주길. 이러다 정말 다 떠남.
중견기업으로서 꽤나 탄탄한 길을 걸어왔고 미래사업이 나쁘진 않다.,자유를 표방하나 매우 애매한 부분들이 복합적으로 존재한다. 어찌보면 보수적으로 보일만큼 수직적인 부분도 꽤 있다. 하지만 그래도 좋은 기업으로 발전하려는 가치는 인정한다.,"수직적인 기업문화와 팀 별로 분위기가 너무 달라서 어느 팀은 자유롭고 어느 팀은 독재적이고, 어느 팀은 널널하고 어느 팀은 그냥 매일 바쁘다.",항상 불만은 나오게 되어 있고 경영진이 모든 불만을 다 들어줄 수는 없다고 생각한다. 하지만 단순히 무시가 아닌 고민은 할 필요가 있다.
인턴으로서 다양한 경험을 할 수 있어서 너무 좋았다.,"눈차를 보지않고, 자기개발비용과 월급이 밀리지 않게 잘 나온다. 사회 초년생이 배울게 많은 회사이다",보고를 위한 문서와 회의가 너무 많이 있다. 그리고 딱히 단점은 없다.,신규사업에 말고도 현재 진행중인 사업에도 신경써주세요~
업무적 강도가 높진 않지만 개인이 욕심이 있다면 불만족할 수 있음,워라밸이 나쁘지 않음 능력을 인정 받으면 비교적 낮은 연차에 주도적인 업무를 진행할 수 있음,프로젝트를 잘 해보려 하는 욕심을 가진 사람이 많이 없어보임 고인분들 많음,한창 일을 많이 잘하는 시니어 실무 / 관리자들의 퇴사를 막으면 회사 발전에 도움이 될듯 합니다
워라벨 좋고 조용히 다니기엔 괜찮습니다.,"연차 눈치 안봐도 되고, 회식때 술 강요 일절 없고, 퇴근 눈치 거의 없음",젊은 회사로 보이지만 은근히 막힌 업무 진행 체계. 활발한 사람들이 다니기엔 불편할 수도..,너무 많은 사항에 대해 확인을 바라지않나.. 생각함
그냥그런 회사. 편하게 일하려면 얼마든지 편할 수 있지만 기업 전체적인 비전은 그리 크지 않아보인다.,사내 분위기는 자유로운 편. 사람들도 순둥순둥하고 무난한 편이다. 업무 강도도 그리 높지는 않음.(그러나 신규 사업이 없어서 그런 것 같기도 하고..),비전을 내려줄만한 경영진이 없는 것 같음. 신규 사업도 하는 것마다 좋은 성적을 내고 있는 것 같진 않다.,직원들에게 기업의 방향과 비전을 제시해주었으면 함
항상 다들 열심히 일해주시는 덕분에 회사 짱짱하게 성장하고 있습니다.,다들 열심히하고 서로를 위해 협동하는 마음이 돋보입니다. 많은 것을 배울 수있습니다.,단점은 워라벨 보장이 조금 힘든것 같습니다 워에 조금더 치우쳐져 있는 경향이 있습니다.,워라벨 보장을 조금더 신경 써주시면 굉장히 좋을 것 같습니다.
"IT기업에 맞게 자유로운 분위기, 하지만 성장하는 느낌은 별로 들지 않음","다양한 복지제도가 있으며, 직원만족도를 높이려는 다양한 시도를 함",오래 근무한 사람들이 많아 정체된 느낌이 납니다. 선배들이 후배를 잘 이끌어줄 수 있는 제도가 있으면 좋겠습니다.,실력있는 직원들 유치로 회사의 새로운 성장을 이끌 수 있었음 좋겠다.
개발자 실력들이 좋다. 같이 커갈 수 있는 곳,사람들이 좋다. 서실 이게 제일 중요하다고 본다. 동료가 좋아야 일할 맛도 나니까,좀 일이 많다. 요샌 어떤지 모르겠는데 예전엔 야근야근의 연속이었다.,글쎄 딱히 바라는건 없고 일을 좀 줄였으면 한다.
전반적으로 여자가 일하기 괜찮은 회사인 것 같습니다.,여자 비율이 높아서 그런지 눈치 안 보고 육아휴직 쓰는 것 같았습니다.,스페셜리스트가 아니라 제너럴리스트가 되기를 요구하는 것이 아쉽습니다.,직원들의 말에 더욱 귀를 기울여 주셨으면 좋겠습니다.. ^^
크게 문제가 있지는 않았다. 다만 좀 더 좋은곳이 있지않을까하는 의문을 품게만들뿐이다 경력쌓기좋은곳인등,연차를 당연하게 눈치안보고 사용할 수 있었다 나름 일처리에있어 체계적이여서 일하는덕 문제는 없었다,단순보고를 위한 문서가 많아 번거롭다 의도치않게 일이 생겨 야근을 해야되는 경우가 종종 있었음,신규 사업추진으로 눈에 보이는 발전이 있었음 좀 더 보람있게 일할 수 있을듯하다
기회를 주는 회사 / 능력을 발휘할 수 있는 회사 / 수평적인 회사,젊은 기업이며 업무 적으로 능력있는 사람들이 많은 곳 같다.,IT가 중심이기에 연구나 IT의 기대심리가 높으며 급여도 다르다,계열사를 늘리는것 도 좋지만 이스트 소포트의 고유 제품을 출시하고 홍보에 집중하며 제품력을 높혀 제2의 알집이 탄생하길 바란다.
다양한 경험을 쌓을 수 있습니다. 이것저것 다 해야해서 힘들수도 있는데 그만큼 배우는 것도 많은것 같습니다.,출퇴근 시간을 선택할 수 있습니다. 연차는 눈치 안보고 쓸수있는 편입니다. 자유롭게 의견을 제시할 수 있는 분위기 입니다.,퇴직률이 높습니다. 2~3년 정도 일하다 이직을 많이 합니다.,임직원들 이야기에 많이 귀기울여주시려고 노력해주셔서 감사합니다.
"개발직군을 지원한다면 추천합니다. 충분한 역량을 키울수 있고, 재택 근무에 최적화된 업무 환경을 제공하고 있습니다.","수평적인 조직 분위기, 자유로운 연차사용, 복지제도, 재택 근무 체계화",트렌드를 따라가는 것은 좋은 취지이나 이로인해 기존 업무 롤이나 조직이 크게 변경되는 경우가 종종 있습니다,임직원 모두가 만족할수는 없겠지만 긍정적인 방향으로 발전해갔으면 좋겠습니다
"리뷰 평가 관리하나? 4점은 읽을 가치가 없네. ""워라밸 최고의 회사입니다!"" 적으신 분은 팀장님이신듯? 이 회사는 신입이 딱 2~3년하고 나가기 좋은곳임. 소위 개발자 학원이라 불림. 능력 있는 사람들은 전부 대기업으로 넘어감. 게다가 좋은 기업 젊은 기업 처럼 보이려고 무난히 애쓰지만 겉만 그따위로 치장해 봤자 신입들도 들어 오고는 기업 문화 체험후 바로 뛰쳐나감.",장점은 연차를 눈치 없이 쓸수 있다는점. 월급이 끊길 일이 없다는점. 코딩 제대로 못해도 된다는 점.,다른 리뷰에 지속적으로 나오는 단점들. 인맥으로 채워진 리더 급들. 대리급의 부재. 낮은 연봉. 낮은 연봉 인상률. 점점 사라지는 복지. 회사 네임 밸류에 비해 낮은 코드 퀄리티. 개발자로서 성장하기엔 한계가 명확한 회사.,대리급들이 왜 모두 나가는가를 생각하십쇼. 신입은 바글바글한데 중간 개발자가 없다는건 무슨 의미일까요? 언재까지 능력없는 인맥으로 회사를 채워 나갈겁니까? 그리고 왜 돈을 이리 짜게 줍니까? 신입들에게 3천 중반 약속 하셔서 뽑았으면 이미 있던 대리급들의
한때는 좋은회사. 하지만 지금도 그렇다고 할 수 있을까,수평적인 문화. 업무에 대한 압박이 없는 편. 직원에게 책임을 묻지 않음,돈이 없어서 그런가 투자에 소극적. 직원들에게 투자를 잘 안해줌,아무리 좋은 전략을 세워도 사람이 없으면 사업을 할 수 없음
자유로운 생각을 펼칠 수 있는 젊은 기업,연봉은 직급에 따라 다르지만 높지는 않음 직원들 복지(행사)가 좋은편.. 조직에 따라 다르지만,핵심 인력들에 대한 과감한 투자필요 창립멤버에 대한 보여주기식 대우등..,직원들의 불만을 듣지만 말고 실제 반영이 되었으면 더 좋은 회사가 될듯
개발자가 대운받는 회사는 맞음. 하지만 애초에 연봉은 좀 작기 때문에 갈아타기 좋은 회사인듯,하는 일만 안 바쁘다면 연차는 눈치없이 쓸 수 있음. 그 외에 딱히 장점은 음.그냥 노력은 하는거 같은?,자율출근제를 아직 하고 있지 않음.,"딱히 바라는 점은 없고 회사의 매출을 높으려는 마음, 그리고 직원들 처우를 잘해주려는 마음 어느것이 먼저인지 고민이 될 거 같기는 함 하지만 좋은 인력에서 좋은 결과가 나온다는 사실을 알아줬음 함"
개발자를 높이 쳐주는 곳 실력이 야근없이 워라밸이 살아있ㄴ는 회사,편한 회사 수평적인 조직 개발자가 다른 직군에 비해 연봉이 높음,공무원같이 경직된 업무환경,신규 사업을 엉뚱한 쪽으로 하는 것 같아서 회사가 점점 더 어려워지는 느낌
신입으로 일이년 다니고 이직하기 좋은회사 가족같은 화사 라인 잘타면 실력 없어도 대우받는회사,연차 눈치안보고 쓸수있음 야근없음 아침에 빵나옴 카페테리아있음,중간관리자가없음,제발 ㄱㅊㅎ좀 버리세요 자기 사람이라고 냅두는거 진짜 아닙니다. 왜 줌에서 짤리고 쫒겨난 사람들 받아서 여러사람 고생시키는지 이해불가 사람들이 다 불만갖는덴 이유가있어요
"공기업같은 사기업, 급여 상관없고 자기 워라벨이 중요하다면 갈만한회사","연차편하게 쓸수 있음, 워라벨 최고, 육아휴직 이후 복직 가능, 여자들에겐 꿈의 직장 카페테리아 커피 맛있음",급여 생각보다 엄청 낮습니다. 상승률 또한 1~2프로로 신입 1~2년 정도 다니고 이직하기 딱 좋은 회사입니다. 그이상 다니면 본인 커리어 꼬이기 딱좋은회사입니다. 회사 재정상태가 안좋아서 연협 전체 동결비스무리하게 시켜놓고 그시기를 겪은 사람이 잘못이다(사장님이말함)라고하는 회사 신입이거나 집에 돈이 엄청 많으신분이아니면 절때 추천하지 않습니다.,"제발 고이고 썩은 물좀 제거하세요. 맨날 회사에서 퍼질러 자시는분이 사장님 라인이라는거 하나로 부문장달고, 무슨 구멍가게에요? 제발 생각좀하세요."
리스크가 거의 없도록 일하는 편이라 편하지만 돌아오는 것도 거의 없는 회사,익히 알려진 제품을 다수 보유하고 있는 회사인 만큼 그런 제품들과 회사의 인식을 적극적으로 바꾸기 위해서 회사와 직원 개개인이 많은 노력을 기울임 직원들은 납득할만한 이유가 아니면 다른 직원이나 회사를 비방하지 않으며 회사도 직원들의 불만을 이해하고 대응하려고 노력하는 편 업무적으로 다른 직원들에게 부담을 주지 않으려고 하고 무리해서 일을 진행하려고 하지 않으므로 관련된 스트레스가 거의 없음 강제야근은 아예없고 직원 스스로가 필요하면 야근함,젊은 사람들이 많은 회사임에도 불구하고 사무실에 활기가 별로 없고 일하는 방식에 대체로 추진력이 없으며 누군가가 추진해주기를 바라지만 막상 누군가 하는데 마음에 안들면 뒷담화 하는 편 내가 할 수 있는 일만 그리고 내가 해야할 일만 하려는 사람들이 대부분(뭐랄까 같이 일한다는 느낌이 들지 않고 1인 기업같은 느낌)으로 고만고만한 일을 하고 고만고만한 결과를 냄 스스로가 알고 있는것이나 익숙한 것으로만 일을 진행하려는 성향이 강해서 새로운 뭔가를 진행해도 그냥 다 거기서 거기임,새로운 사업을 추진하고 그것에 투자하는것 정말 좋고 환영합니다. 하지만 기존 사업을 유지하는 데에도 투자가 좀 더 있으면 좋을거라 생각됩니다
개발자가 성장하기 좋은 기업입니다 재택근무를 적극 활용합니다,휴가 눈치 안보고 씀 동료들 인성 좋음 개발 배우기 좋음,업계 평균 대비 다소 낮은 연봉과 애매한 회사 위치....,새로운 사업들 잘 키워서 성장하는 회사가 되었으면 합니다
신입개발자한테는 나쁘지않다. 경력개발자한테는 피해야하는 곳,"개발자 기준으로 적당한 연봉, 자유로운 연차 사용, 자유로운 워라밸, 꽤 나쁘지 않은 육아 휴가 지원",신입 개발자 기준으로 적당하기만 하다. 경력개발자로 회사와 같이 성장하기에는 안 좋다.,"실력있는 시니어 개발자를 영입하고, 붙잡아 둘 수 있는 방법을 마련하지 않으면 성장 그래프는 계속 로그 그래프에 수렴할 것이다."
"개발자가 일하기 좋은 곳이다. 또한, 신입, 인턴들이 자신의 역량을 키우고, 업무를 적극적으로 배울 수 있는 기회가 열려있는 곳이다.","사람이 좋다. 팀바팀, 부바부겠지만 전체적인 분위기와 주변을 보았을 때 서로 케어해주고, 자유로운 분위기다. 또한, 인사제도/조직문화가 계속해서 IT 기업들의 트렌드를 따라 발전하고 있어 점점 더 일하기 좋은 환경이 되고 있다.",흑자로 전환하며 성장하고 있으나 속도가 다소 더딘 느낌이다. 업력도 오래되고 사옥도 오래됐다 (공간이 다소 좁았다.),전문성을 더 존중해주시면 좋겠다. 각 분야의 전문가들의 의견을 따라 업무가 진행되었으면 좋겠다.
맡은 일만 똑바로 한다면 밝고 자유로운 분위기에서 개발할 수 있는 회사,개발자에 대한 대우가 좋습니다. 그리고 다들 밝은 표정으로 일하며 서로 존중하고 마주치면 항상 인사하는 분위기의 회사입니다. 업무 분위기는 맡은 역활만 잘 완수한다면 자유롭습니다.,주변에 물가가 너무 비싸서 점심 값이 많이 나갑니다. 자취를 한다면 마찬가지로 방값이 많이 나갈 생각을 해야합니다.,1층 매점에 더 맛있는 과자도 더 추가해 주세요! 그것 말고는 더 바라는 점이 아직은 없습니다.
야근은 부바부. 무난한 회사며 성장가능성은 잘 모르겠음.,비교적 자유로운 분위기. 아침 빵 제공하나 늦으면 못 먹음.,특별한일 없이 무난히 흘러감. 중간대리급 퇴사자가 많음,평가가 공평하고 투명하게 이루어지는지 모르겠음 신사업에 대한 공유
기업문화가 좋고 신입이 성장해나갈수 있는 회사,사옥이 있다 사내 카페테리아가 있다 인지도 있는 회사(나중에 이직할때 좋음) 그래도 서울에 있다 월급 안밀림 자유로운 직장 문화,주변 밥값이 너무! 비싸다 인공지능을 밀고 있지만 퇴사한 지금까지도 인공지능으로 수익을 못내고 있다. 너무 자유로운 직장,똑똑한 바보들 모아놓고 삽질하지 마시고 잘할수 있는 분야에 더 투자하시길
잡플래닛 리뷰가 뻥튀기되어있는 회사 퇴사율이 높고 불합리한 체계와 무능한 최고+중간관리자 대표중심의 회사,눈치잘보고 중간관리자에게 잘보이거나 위에 잘보이면 편하고 자유롭게 일할 수있음 실무자나 체계가 없어 작고 크고 새로운 일들을 많이할 수있음,비합리하고 알수없는 체계와 결정들 낮은 연봉 몇몇관리자들은 자기밥그릇과 고생한걸 지키기위해 아래사람을 갈굼 없어지는 복지와 교모하게 회사에 맞춰 변경 겉만 화려하고 실속없는 사업과 의사결정들 실력있고 괜찮은 사람은 대부분이 나감,회사를 위할 수 없으면 스스로 다들 물러나시는 것도 좋을 것 같음
개발자가 중심인 회사이며 그외 직종 사람들도 각자 영역에서 점점 인정받고 있는 구조인 회사,젊은사람들 중심이다 보니 회사 분위기가 상당히 유연하고 개방적임,생각보다 회사에 불만을 갖고 있는 사람들이 많음,해가 바뀔수록 회사의 미래가 명확해지는건 좋은 징조이지만 그에 맞는 직원들 대우가 개선될 필요가 있어 보입니다
워라벨 벨런스 대한민국최고?생각보다 나이대가 어린 임직원들,년차대비 야근횟수 손에꼽음 생각보다 수평적인 구조로 일하기 수월함,그래서 사람들이 의욕이 적음 개발자위주의 환경이라 일반직들은 소외감을 받을 수 있음,조금더 욕심을 내도 좋을듯 공무원같은 마인드보단 열의적인 느낌을 원합니다3
운이 좋고 눈에 띈다면 빠르게 성공할 수 있음. 재수없게 한직에 있으면 아무도 알아주지 않고 배울 것도 별로 없음.,나름 안정적. 휴가 마음대로 쓸 수 있음(몇몇 팀은 어렵다고도 하던데). 채용을 잘 해서 동료들이 대부분 좋은 사람들임.,불투명한 의사결정. 별로 없는 복지. 조직에 따라 심하게 다른 보상. 비좁은 업무 공간.,하고 있는 일에 따라 운이 많이 작용하는 보상 체계의 개선
"돌이켜보면, 개발자 생활하며 가장 많은 성장을 하게 해준 기업. 이스트 출신은 밖에서 인정 받는다는 말이 정말이었다. 한국 IT벤처의 1세대 기업으로서, 꼭 계속 성장해주었으면 좋겠다.","(좋은 팀장이 있는 팀에 있으면) 병특으로 온 정말 스마트하고 뛰어난 동료들 곁에서 일 할 수 있다 - 신입개발자를 체계적으로 교육하는 시스템이 정착되어 있다. - 무모할 정도의 큰 시장에 뛰어들어 그야말로 밑바닥부터 서비스를 만들어 볼 수 있다 ex) 포털, 메신저, 분산파일저장시스템, MMORPG","팀마다 기술의 수준차가 너무 크게 난다. - 레가시 서비스들에 대한 유지보수 팀으로 가면 정말 가늘고 길게 안주하게 된다 - 회사의 발전을 따라가지 못한, 오랜 근속자들이 여전히 회사의 고위직책에서 강한 영향력을 발휘하는거 같다. - 일반 앤드유저에게 회사 이미지가 나쁜 편이다.","인사팀은 지원부서이지, 실무부서의 위에서 군림하는 부서가 아니란 것을 알아주셨으면 좋겠습니다. 나중에 보면 좋은 의도로 시작된 보상도, 인사팀을 거쳐내려오면 굉장히 불쾌하게 도달합니다."
"개발자가 다니기에는 여러 모로 무난한 기업. 무난한 수준의 복지와 사내문화를 가지고 있음 그러나, 무난함 이상의 기업은 아닌듯하다.",물론 팀바팀이겠지만 상사가 간섭하는게 적어서 스트레스 안받고 회사다닐수 있음. 개발자 한정으로는 초봉도 낮은편이 아니고 시험보면 연봉 올릴수 있는것도 장점임. 야근 강요나 주말 출근해야하는 분위기도 아니여서 좋음,개인의 성장에 있어 좋은 회사인지는 잘 모르겠음.,글쎄요.. 저도 무엇이 문제인지 잘 모르겠네요
사원들한테 이렇게 다 퍼주다가 망하지않을까 걱정됨,아침에 1층 카페테리아에 준비해주는 샌드위치와 커피는 환상이다. 조직문화도 자유롭다 편하다,"엘레베이터 기다리는데 한나절, 9층이 사무실이였는데 계딴으로 올라갔다 내려갔다 다리 1년동안 다리 부러지는줄",면접시에 보는 교회가 몇개일까 묻는 질문은 도대체 왜 하시는건가요.
주어진 일을 하면서 편하게 다니기 좋은 회사,연차 자유롭게 사용 가능 대체로 수평적인 분위기 팀마다 다르지만 워라밸이 좋은 편 자유로운 복장,수직적 의사결정(업무) 업계의 트렌드를 따라가지 못하고 뒷북 치다가 접는 일이 많음 고연차(시니어)에게 배울 점 부족 매우 낮은 연봉상승률 (동결),잘하는 것이 무엇인지 가지고 있는 것이 무엇인지 냉정하게 판단하고 잘할 수 있는 것을 했으면
"대졸신입에게는 최적의 첫 직장. 팀마다 다르지만 대체로 회식, 야근 강요는 찾아볼수 없는 화기애애한 업무 분위기.",연차 사용이 자유롭다. 대체로 선한 사람들이 모여있어 사람간에 생기는 문제들로 스트레스 받을 일이 없다. 회식 문화가 건전하다. 사내문화를 위해 노력하는 것이 보인다.,"그냥 적당히만 하자는 자세로 다니기엔 괜찮은 회사지만 자기계발이나 경험, 경력을 원하는 도전적인 사람에게는 수동적으로 느껴질 수 있음. 군 대체복무로 짧게 일했거나 이직한 사람이 많아 업무분장이 다소 어수선함.","앞으로의 목표와 방향, 사업 모델을 결정했으면 더 적극적으로 직원들을 이끌어줬으면 하는 바람. 경영진의 비전이 직원들의 피부에 크게 와닿지 않는다."
90년대 우후죽순 생겨난 IT 스타트업 회사중에서 코스닥 상장하고 아직까지 명맥을 유지하고 있는 몇 안되는 제조사. 청년이라는 이름을 내걸었으나 기업문화는 OLD한 성향,"야근식대 만원, 다양한 복지혜택을 누릴 수 있음. 타 부서로의 이직도 가능하다고는 하나 시도해보지 않아서 논할 수는 없을것 같음.",회사의 위치가 애매해서 출퇴근이 힘듦. 엔지니어-개발자-영업직군간의 소통의 부재. 문제가 발생해야만 문제를 인지하고 해결과정도 모두 개인의 숙제,분사된 이후에 직원들간의 소통
"개발자 우선, 배울것이 많다고 보여짐, 워라밸 실현이 가능한곳","워라밸이 잘 균형을 이루는 곳임, 신입은 근무 하기 좋음","it기업인데 아직 보수적인 프로세스가 많이 남아 있음, 중간층 경력이나 히스토리 보유자가 없음","합리적인 급여, 평가가 필요하며, 복지제도의 개선이 필요하다."
함께 일하는 사람들이 좋습니다. 함께 좋게좋게 일하는 분위기 입니다.,연차를 눈치보지 않고 자유롭게 사용 가능하고 야근 시간에 따른 지연 출근 제도가 있어 다음날 부담을 좀 줄일 수 있습니다.,연봉제로 바뀌면서 연봉이 잘 오르지 않고 복지 부분도 좋아진 부분도 있지만 나빠진 부분도 있습니다.,직원들의 목소리에 기울인 합리적인 복지 및 보상 체계를 만들면 좋을 것 같습니다.
자유로운 분위기와 인간관계 스트레스 거의 없는 젊은 회사,"자유로운 분위기, 신입도 비교적 주도적으로 일할 수있는 환경",점점 구시대적으로 가는듯한 경영방식 실무진들과 경영진 사이의 깊어가는 괴리 점점 사라지는,돈에만 급급해할게 아니라 실무진들도 회사의 목표와 방향에 공감할 수있는 환경을 만들어야함
평범한 사람들이 모여서 평범한 제품을 만들어나가는 조직.,일반 기업처럼 보수적인 면이 갖는 장점과 IT회사의 자유로움이 주는 장점을 맛볼 수 있다.,반대로 IT회사의 자유로움이 가져오는 단점과 일반 기업의 보수적인 면이 주는 단점을 맛볼 수 있다.,너무 직원들 눈치를 보지 말고 상황에 따라서는 좀 더 강경하게 나가셔도 좋을 것 같습니다.
사원들끼리 교류를 위한 많은 제도들이 존재함 수평적인 분위기,"연차를 눈치 안보고 쓸 수 있음, 꼰대 문화가 없음,사원들에게 많은 복지를 제공하려고함.","야근 수당을 제공하지 않음, 구내식당이 없고 주변 물가가 비싸서 지출이 많아짐",경력직 위주의 채용이 많음 신입 채용도 늘었났으면
젊은 직원들이 많은게 장점이자 단점인 회사 성장해야 하는데 일 제대로 배우고 퇴사하거나 못배운 이들이 남아 학원같은 분위기 조성,젊다. 기회가 많다. 군복무 대체 병역특례 받을 수 있다.,주먹구구식의 업무처리하는 자들도 있다. 루팡하는 자들도 있다. 어디에나 있는 것이 함정이긴하다.,출퇴근 용이한(대중교통)편리한 위치로 회사 좀 옮기자.
편하게 월급받으면서 다니기엔 좋은 회사,호봉으로 연봉올라가고 개발 외적인 군은 별 고민없이 회사 다니는것이 가능,미래 먹거리가 없으며 앞으로도 그래 보이지 않는 다는 것이 가장 큰 문제,실무자들 말에 귀를 좀 기울이고 외부 인사들좀 영입해서 회사에 새바람좀 불어넣으시길
복지 시설이 좋다. 다만 회의실 및 사무공간이 부족한 느낌,개인의 능력이 중점적이다. 승진은 개인 능력 및 인간관계를 얼마나 잘하는냐에 따라 다르다,사무 공간이 적어지고 쓸데없는 회의실이 늘어나고 있음. 흡연 및 휴게실이 적음,게임 말고 보안 및 알집에 힘을 써보는게 좋을거 같다
비교적 좋은 사람들과 비교적 나쁘지 않게 비교적 열심히 일할 수 있는 곳.,"그래도 한국 소프트웨어 회사 중 시장 1위를 해 본 곳이라는 점? 그게 의도되었든 아니든, 누적된 경험이 많다는 것.",경직성. 아무래도 스타트업이 아니기 때문에 의사결정이나 회사 내부의 사정이 조금 복잡할 수 밖에 없다.,다시 열심히 달려가고 계신 것 멀리서 무운을 빌고 싶습니다.
"워라벨 그럭저럭 , 팀마다 케바케(야근,정시퇴근 등등)","눈치 안보고 연차사용 가능, 정시퇴근 가능, 팀마다 케바케","내로남불, 정시퇴근을 안 좋게 보는 상사 있음, 사람을 갈아서 일 하는 경우가 있음",성과도 중요하지만 그 성과를 만드는게 사람이라는 걸 알아주시길
워라벨은 좋은편. 최근에는 야근 많이 늘었다고 들음 개발쪽은 좋을 수도 있겠지만 그 외는 좋은지 모르겠음,워라벨만 좋음 하지만 눈치를 좀 봐야하는데 눈치안보는 타입이라면 워라벨 잘 챙길 수 있음 상사에 따라 다를듯 대체로 야근 안하고 일찍 가는 분위기임(개발제외),전체적으로 일할때 약간 삽질하는 경향이 있음 컨펌구조에서 다들 취향이 제각각. 회사 먹여살려야 하는 일에 집중안하고 겉치레가 많은 느낌. 고인물이 많고 새로 들어오는 분들은 대체로 빨리 나가는 편.,회사가 어려운게 느껴지는데 신사업의 투자가치가 높아보이지 않아서 안타까움
젊고 활기찬 기업 미래가 있는 기업 사람이 좋은 기업,사업기반이 안정적이고 복지가 좋은 회사 딱딱하지 않은 분위기의 자율적인 분위기,개발자가 상대적으로 우위에 있다는 느낌이 있으나 대체적으로 서로 존중해 주는 분위기,항상 즐겁고 활기차게 일할수 있는 분위기를 유지시켜 주세요
개발자에게 첫직장으로는 좋은것 같습니다. 연봉 수준도 괜찮은 편입니다.,부서에 따라 다르겠지만 초과근무가 적었습니다. 연차 사용도 나름 자유로웠구요.,몇몇 분들이 책임감이 없는게 너무 눈에 보임. 말은 친절하게 하는데 일을 떠넘기는 느낌을 많이 받았습니다.,직원들 면면을 보려고 노력했으면 좋겠습니다. 가끔 어이없는 인사가 승진되는 경우도
사업성은 없어보이지만 워라벨을 중요하게 생각하는 사람들에게 추천,IT 업체인 만큼 수평적인 구조임. 국내 최고? 보안 솔루션을 보유하고 있음.,AI 분야에 뛰어들어 수익을 내려하지만 쉽지않아보임. 기존 개발진들이 희망을 잃고 떠나는 분위기.,기존 개발하던 제품들과 현재 진행하는 기술의 갭이 크다고 생각함.
회사 전체적으로 분위기는 좋지만 몇몇부서 분위기가 좋지 않다. 개발자에게 대우가 좋은 회사이다.,"개발자에게 대우가 좋은 회사, 2~3년 경력 쌓기 좋은회사.",몇몇 부서가 분위기가 좋지 않다. 처음 입사자가 회사 적응하기 힘들다. 회사주변에 먹을곳이 별로 없고 너무 비싸다.,"체계적인 입사자 관리, 즐거운 부서 분위기 조성, 팀장관리"
경력에겐 절망뿐이고 신입들은 잘못된 직장 문화만 배움,신입이나 병특에게는 좋은 회사지만 잘못된 업무 방식을 배워서 이직 시 고생은 불가피,비겁하고 무책임하며 소심한 기업 분위기가 만연하고 일을 아마추어처럼 하며 업무와 무관한 부분으로 승진 여부가 가려짐 정치질이 매우 중요하고 직원들은 작업물에 아무런 자존심이 없음 그런 사람들은 다 못버티고 나감,큰 그림을 그릴 줄 알아야 하는 pm자리에 신입 뽑는 미친 짓은 누가 생각해냈냐
"겉 분위기는 자유로움, 수평 속 문제들은 방향성 상실","연차 소진 자유로움, 낮은 연령대, 징검다리 휴가 권장","저새한 업무 방향성이 없다, 무능력한 시니어급이 많다, 보상이 제대로 나온지 굉장히 오래됐다",중장기 계획애 걸맞는 자세한 업무 계획
3년만 채우고 다른 곳 가기엔 괜찮은 회사,"개발자 우대. 다른 기업으로 이직하기 위한 발판으로는 좋은 회사. 회사 자체가 젊고, 팀바팀이지만 칼퇴, 자유로운 휴가 사용.",개잘자만 우대함. 근데 개발자도 그렇게 우대하지 않음. 3년 채우고 대다수가 나가서 점점 고인물과 신입만 남음. 일하면 일할 수록 담당 프로젝트가 많아져서 일이 쏟아짐.,"돈 안되는 사업은 쳐내고, 월급 루팡은 해고 시켰으면 함."
우리가 모두 아는 알툴스를 만드는 자부심을 느끼는 회사,건물을 따로 보유하고 있음. 분위기가 IT기업 스러움. 다양한 업무를 경험할수잇음.,중소기업에서 나타나는 뻔한 단점들 마찬가지. 사건사고가 터질수있음. 수익구조 등에 대한 걱정들,계속 좋은 기업으로 거듭날 수 있게 노력해주세요 화이팅
수평적인 분위기라 다니기는 좋으나 일이 잘 진행안될때가 있음,"연차를 아무때나 쓸 수 있고, 당일날 연차를 내는 것도 가능함. 저녁식대라 만원이라 가격신경안쓰고 왠만한건 먹을 수 있음.",민원에 비해 공간이 너무 좁아서 갑갑한 느낌이 있음. 회의실도 부족하고 자리도 좁아지고 복지가 점점 안좋아짐.,일할 수 있는 분위기가 점점 사라지는 분위기가 되어가는것 같음.
"더 성장하고자 하는 기업에서, 좋은 상사분과 팀원들을 만나 많은 것을 배울 수 있었습니다.",퇴근이 자유롭고 사원들의 시간을 존중해준다는 느낌을 받음. 윗선으로 갈수록 보수적인 모습이 보이나 사원들끼리는 자유롭고 서로 존중하는 분위기임. 기업 성장을 위해 여러 사업을 하고 있는데 마치 스타트업과 같은 느낌을 받음. 다양한 일을 경험해볼 수 있다는 면에서 좋음.,인사이동이 많아 부서간 경계가 뚜렷하지 않은 편임. 또 자유로운 분위기에 열심히하자는 분위기는 아닌것 같음. 자체 세미나나 스터디가 다양하게 이루어졌으면 좋겠음. 또 부서별 전문성이 뚜렷해질 수 있도록 하는게 필요할 것 같음.,"여러 사업을 하는 것도 좋지만 기업 이미지를 개선하기 위해 다양한 방법을 강구하는 것도 필요할 것 같음. 사원들이 일하는 것에 비해, 또 제품 퀄리티에 비해 너무 기업이미지가 안좋은것같음."
젊고 자유로운 아이티 회사다. 정직원이 되면 참 좋을듯하다,아이티 기업이라 그런지 젊은 사람들이 많다. 그래서 자유로운 분위기 이다. 자기 할일만 잘하면 편한 회사.,젊은 사람이 많아서 자유로운 분위기다. 그냥 각자할일 조용히 하다 가면됨,회사에 식당이 없고 근처에도 식당이 없음. 식당을 만들었으면 좋겠음.
스스로 동기부여가 강한사람이 성장할 수 있는 곳,워라벨을 지킬 수 있다. 그 만큼 자기가 원한다면 자기개발을 할 수 있어서 좋다.,현상유지에 급급하다. 무언가 항상 바쁘지만 결국 급급하게 처리하다보니 발생하는 불필요한 일들일 경우가 많다.,주변의 쓴소리도 때론 충언이니 잘 헤아려 듣기를.
뭔가 하려는 시도는 보이나 결과적으로 뚜럿하지 않아 희미하다,연차를 비교적 자유롭게 쓴다 케바케로 부서 마다 다른 성과 체계를 지닌다 열심히만 평범하게 생각없이 다니긴 좋다,실력이 도퇴된다 우물안 개구리 되기 쉽다 기술력이 없다,내실을 다져야지 보여주기 급급합니다 안을 키우세요
회사는 편하고 좋다 다만 부서나 팀에 따라 천국과 지옥이 확갈린다,연차 자연스럽게 쓸 수 있는 것처럼 눈치는 보이고 쓰긴 쓸 수 있음 딱히 고민안해도 아무도 퀄리티 신경안씀 대충 해도 티 안남 묻어가고 말만 번지르르하면 고속 승진가능함 그 후에 루팡되면 놀면서 돈벌수 있음,일을 하나 안하나 티가 안남 보고가 안되는건지 다 잘라먹는건지 웹 서핑질하고 노는 사람이 승진하고 열심히 일하는 사람은 다 일하다 저런 장난질에 빡치고 지쳐서 자진퇴사함 경력이나 신입오면 그걸 반복 그리고 뒤에서 말만 하다가 몰래 자기가 한것으로 함,하던대로 하세요 희망이 없음 될대로 되겠죠 될대로 되겠죠 뭐 거진 10년 넘게 안고치고 굳어진 문화인데 고칠 생각하는 사람들이 다 죄인되고 잘려나가는데 고쳐질 리가 없죠 고인 물이 크네요
별 생각없이 다니긴 좋음. 다만 회사의 미래가 너무 안보인다.,개인적인 회사 문화. 여자들이 다니기 매우 좋은 회사라고 생각됩니다.,회사가 뭘 하는지 알 수 없음. 현실과 너무 동떨어진 미래만 지향함. 그로인해 회사에 대한 자부심이 안생김.,기업은 이윤을 추구하기 위해 존재합니다. 돈을 버는 사업을 해주세요. 부탁드립니다.
개발자가 일하기에 좋은 기업 젊은 사람들이 넘치는 기업 군대문화 아님 능력만큼 인정 받고 기회 많음,젊은 사람들이 많음 그래서 기회가 많다 1층의 까페테리아는 참 분위기 좋다 개발자가 일하기에 참 좋다,개발직군 연봉은 괜찮으나 관리나 기타 직군은 애매함 의외로 정치를 함 어떤 부서 어떤 제품을 맞는지가 중요함,크게 바라는점 없음 좀 더 사람을 중요시 여겼으면 합니다 직원들의 퇴사가 의외로 많아요
"사축이란 말을 아신다면, 아무런 기대없이 가신다면 다닐만 하다 괜찮구나라고 느낄 것. 혹시 여긴 수평적일 거야 재미있을 거야 환상을 품는다면 출근한지 얼마 안 가 곧 깨질 것. 직원들끼리 괜히 이스트고라고 부르는 게 아님.","케바케 워라벨 가능, 사내 이벤트로 귀찮게 하는 일 없고 평온한 일상의 연속, 정시 퇴근하는 비율이 높은 편, 개인주의라 서로 터치는 거의 안함","장점과 단점은 이어져 있음. 케바케 워라벨 불가 -일 많이 하는 부서가 정해져 있다는 뜻, 주말이나 밤에 집에서도 일하도록 지시하는 곳 있음. 귀찮게 하는 일은 없는데 그 정도로 사내 교류가 없고, 자리 비우면 눈치줌. 늘 위기라고 해도 정시퇴근 분위기. 서로 터치도 안 하지만 그만큼 협업하기도 힘듦 - 협업 부서에서","어디부터 손을 대야할지 어려우실텐데, 총체적 난국인거 직원들도 잘 알고 있습니다. 고객이든 직원이든 너무 멀리 두지 마시고요. 듣고 흘릴 얘기 하나도 없는데 어디선가 다 댐 수문처럼 꽉 막고 귀에 단 얘기만 전할 겁니다. 누가 시키기 전에는 손가락 까딱도 안하는 루팡들 많은데, 의견 내면 가차없이 공격 당해서 그 뒤로 그렇게 됐다는 건 모르실 겁니다. 고개 숙이고 지시만 받아적는 모습의 일상화. 잘 이해하고 싶어서 왜인지 설명을 묻는 것도,이견도 이제는 묵살하지 마세요. 공격이 아닙니다. 각자 생각이 다른 사람들이고, 머리가 있으면 그렇게 하는 겁니다. 듣기 싫어서 계속 그렇게 안 들으신다면 뭐 별 수 없고요."
첫 직장으로 괜찮습니다. 모든것이 보통. 비교적 사람들이 순한 편.,연차 반차 반반차 - 휴가 자유로움 - 지연출근(전 날 10시에 퇴근하면 10시까지 출근. 11시에 퇴근하면 11시까지 출근) - 주로 휴가 관련 장점이 많습니다. - 다양한 제품군 서비스 중 - 자사 서비스만 하고있고 모든 것을 사내 인력으로 해결하려고 해서 다양한 분야 경험 가능(,일수도) 단점 - 개발자 중심 회사로 기획자가 발전하기엔 부족 - 중간관리자 부재 - 모바일 시대인데 성공한 모바일 프로젝트가 거의 없음 - 은근 수직적인 결정구조,중간 실무자들이 왜 계속 나가는지 생각해주세요. 개발자 중심의 문화 보다는 기획 마케팅과 함께하는 분위기 개선에 힘을 실어주세요.
웬만한 개발 분야들을 두루 진행하기에 원하는 분야개발 분야가 있다면 첫 시작으로 좋은 직장.,"조용하고 무난무난한 느낌. 중소기업치고 나쁘지 않은 초봉, 웬만한 개발분야들은 하나씩 두루두루 하고 있음.",개발 분야 외 직군 의사반영도가 약한듯하다. 전체적으로 세련되지 못한 느낌이 있다.,비개발 분야의 의견반영도 많아야 될것 같습니다.
개발자로서 시작하기 좋은 기업입니다 ~,"서울 서초역 위치, 사내 커피 제공, 회사 분위기 좋음.",제주도 근무의 경우 답답한 면이 있습니다. 아무래도 서울에서 멀다보니 육지에서 온 사람들은 친구만나기도 함들고 답답한 면이 있어요~,개발자로서 시작하기 좋은 기업입니다 ~
"본인 의지만 있다면 다양한 업무를 해볼 수 있는 곳. 하지만 모바일 시대 흐름에 뒤쳐지면서 성장성이 낮아졌고, 좋은 인재들이 많이 떠났음. 고인 물 교체가 필요하다.","야근을 하면 지연출근제가 적용되어 1~2시간 늦게 출근할 수 있다. 도전의식이 있고 하드워킹 하는 스타일이라면 많은 일을 해볼 수 있고, 개인 성장이 가능하다.","회사 전반적으로 개발자 우대 문화를 갖고 있는데, 그걸 악용하여 실력 없는 개발자들이 일 안하려고 뻐팅긴다. 좋은 인재는 나가고 나쁜 인재들만 남아 기업 성장 가능성이 매우 낮다.","제품 개발 우선 주의를 갖고 현재 위치까지 성장해 왔으나, 예전의 성공 방식에 집착해선 안된다. 사업, 기획, 홍보, 마케팅의 중요성을 낮춰보지 말아야 한다. 더 큰 회사가 되려면 임원진에 비개발직군이 선발되어야 한다."
신입 개발자에겐 나쁘지 않아요. 경력 있으면 다른 곳으로!,"모든 개발자는 성과 상관없이 알고리즘 시험 1~2회 통과하면 4천 초중반 받음. 출산휴가, 휴직, 복직, 휴가 사용이 자유로운 편. (계열사별 부서별로 다를 수 있음)","일부 오래된 직원들의 곤조와 텃세로 업무가 경직되는 경우가 잦음. 신입땐 연봉이 빨리 상승하지만 그 이후는 올라가기 어렵고, 상승폭도 낮음.",월급 루팡들 좀 한층에 몰아두면 좋겠네요.
신입이 입사하여 경력을 키우기 좋은 회사임,출퇴근이 좋음 근데 경력이라 그런거일수도있고 아마 신입은 아닐수도 있지만 아무튼 자유도가 있는것 같음,신입에게만 좋은것 같음 경력은 자기가 해온대로 일하기 어려움 큰 단점은 아니지만 굳이 단점을 뽑으라고 해서 쓴거임,바라는점 없음 아마 앞으로 크게 성장해서 글로벌 소프트웨어가 될 것으로 보입니다.
자유롭게 업무능력을 키우고싶다면 추천,연차자유도 높음 눈치안보고 업무에 매달릴수있는 환경 회사에서 배려가 좋음.,최근들어 점점 복지 혜택이 줄어들고있음. 최근 트렌드에 잘 못따라가고 뒤처지고있음.,회사가 사정이 좋아지면 직원들에게도 혜택이 많이 돌아갔으면 좋겠습니다.
개발자 중심의 회사. 끊임없이 무언가를 하고 있긴 하지만 미래는 잘 모르겠다.,팀마다 분위기는 다르겠지만 대체로 눈치없는 퇴근이 가능하고 휴가를 쓰는데도 큰 제약이 없다. 업무와 삶의 균형을 찾고자 하는 사람들이라면 추천,이스트 공무원이라는 말이 있을 정도 안정적이다. 현실에 안주하는 사람이라면 좋겠지만 발전을 원하는 사람에게는 좋을지 모르겠다.,회사가 커갈수록 직원들과 멀어지는 느낌이드는데 직원들과의 거리와 관계를 지속적으로 유지했으면 좋겠다.
더할나위없이 좋다 하지만 개발자가 많이 우대를 받는다~,"위치가 좋다, 판교가 아니라는 점이 좋다 사장마인드가 좋다",식당이 없어서 밥을 사먹어야 하는 점이 많이 불편하고 점심지원을 원한다,점심이랑 간식지원 해주세요~~ 아침도 다양했으면 좋겠습니다
문어발 사업확장으로 망할것도 같지만 안망할 회사,그래도 인력처우를 고민하고 해결하고자 하는 의지는 있음,생각보다 수직적 구조이고 상향식 의견전달은 묵살되기 쉬움,"창업멤버라고 너무 심하게 낙하산 태우지도 않고, 나름 대접도 하는게 나쁘진않아보이지만 승진 체계등은 불만요소가 많음"
다른 직군에 비해 개발자에게 조금은 유리한 점이 있다 게임업계 특유의 자유로움은 있는 곳,업무 분위기는 자유로운 편 복장이나 근무여건은 대체로 자유로운 편이다,처우가 몇 년전까진 괜찮은 정도였으나 변함이 없는 상태이고 오를 수 있는 기회도 적음 팀마다 다르겠지만 분위기 별로 좋지 않음,한 사람에게 너무 많은 권력이 몰리지 않게 조절해야 할 필요성이 있습니다
대외적인 이미지는 매우 좋은편이나 대리급 미만 직원들만 죽어라 일하는 구조,복장이 자유롭고 야근에대한 부담이 적은편 여직원이 근무하기는 대한민국 다섯손가락 안에 들 정도로 좋은편,하루종일 일안하고 놀아도 뭐라하는 사람이 없어서 종일 농땡이치는 직원이 많음. 팀간의 협업이 잘 이뤄지지 않음,일안하고 월급만 꼬박꼬박 받아가는 중간급 이상들을 과감히 쳐내야 회사가 살아남.
"상급자와 실무자가 전혀 소통이 안되는 회사, 대외적 이미지와 전혀 다른 분위기","업무강도가 낮음, 연차사용의 자유로움, 복장 자율화, 칼퇴가능","일을 위한 일이많아 비효율적임, 실무자와 상사간 전혀 소통이 안됨","구성원들이 행복한 회사, 동기부여가 가능한 회사를 만들었으면.."
"알집, 알약 이후로 딱히 혁신은 없는 회사. 비전 불투명",알집과 알약의 인지도. 생일인 직원에게 상품권 지급.,신입에 대한 교육이 체계적이지 않음. 기존 사업은 모르겠지만 신사업분야 부서의 경우 일이 많은데 사람은 부족하여 과부하 상태. 사내식당 없어서 사먹어야함. 적은 연봉. 올드한 근무환경. 구식 업믄 프로세스.,"알집, 알약 이후로 혁신이 없어요. 기존에 있던 서비스 한두개 기능 추가해서 출시하는 느낌?"
회사 업무의 자율도가 높다. 사내 문화도 편안한 느낌이다.,연차를 마음대로 쓸 수 있다. 자기 할일만 잘 하면 칼퇴근을 눈치보지 않고 할 수 있다. 칼퇴를 위해서라도 업무에 대한 공부를 열심히 하기 때문에 자기개발도 반강제적으로 하게된다.,회사 재정이 어려워져서,바라는 점은 따로 없습니다. 회사의 미래를 위해 열심히 일해주세요.
매우 젊고 활동적이며 깔끔한 분위기의 회사,젊은 인력들이 많기 때문에 활기차며 새로운 아이디어 제안 및 수용이 비교적 활발하게 이루어지는 편임,"실력 위주의 승급 기회가 주어지는 것이 장점으로 작용할 수 있지만, 비개발자는 개발자에 비해 상대적으로 소외되는 느낌을 받을 수도 있음",앞으로도 지금까지와 같이 자유로운 의사소통 분위기가 지속되었으면 함
복지가 점점 줄어가고 있음. 뚜렷한 캐시카우가 없어보임. 수평적인 분위기는 장점,업무강도가 높지는 않음. 출시를 앞두고 있으면 살짝 바쁜정도? 칼퇴 가능함.,인사평가제도가 미흡함. 자기계발을 적극적으로 권장하지 않는 분위기. 본인이 알아서 발전해야됨.,인공지능으로 뭐할껀지 명확하게 공유해줬으면 좋겠음.
"게임쪽은 죽어가는 분위기 월급 루팡이 많음, 칼퇴들을 잘함 그외는 잘 모름","팀에 따라 다르지만 연차, 반차, 반반차 사용이 쉬움 술없는 회식 워크샵은 잘안감",인센티브가 없음,게임은 만들때는 많은 사람들의 의견을 받거나 프로타입부터 사내 테스트로 의견을 좀 받아서 개발했으면
가늘고 길게 다니기 좋음. 특히 여자에게 추천,연차 사용이 자유롭고 야근이 없음. 업무 스트레스도 크지 않음,정치가 있고 라인이 있으며 사람 관리를 잘 하지 못함 성과급등의 연봉외 보너스 없음.,사람이 재산입니다 고급인력이 나가도록 두지 마세요.
회사가 개발자 위주로 운영되는 경향이 있음. 회식 별로 없음,개발자에 대해서는 너그러운 편이며 업무시간 이외의 시간은 터치를 많이 하지 않음. 시험을 통하여 일찍 연봉을 높일 수 있는 기회를 줌,개발자 이외의 직군은 힘들 수 있음. 개발자를 많이 챙기다 보니 다른 직군이 소외되는 모습을 볼 수 있음,경영진이 바뀌고 난 후 수평적인 것보다는 수직적인 모습을 보여주고 있는데 수평적으로 생각해주었으면 합니다
"개발자 우대가 좋고, 시험을 통한 승진 제도가 있어 고속 성장이 가능함",휴가를 상사 눈치보지 않고 자유롭게 다녀올 수 있는 구조입니다.,부서 내 변화가 자주 발생하고 있어 그 와중에 희생자들이 발생하는 경우가 있다. 개별 구성원에 대한 배려가 있으면 좋겠음,적극적인 투자를 하고 있습니다 사내에 적극적으로 공유하려는것도 좋음
팀이 어느 팀이냐에 따라 당신의 운명이 천국과 지옥으로 나뉘게됩니다,연차를 사용하는 것이 자유로운 편이다 젊은 분위기에서 일할 수 있다,점점 사라지는 복지 불투명한 비전 체계가 잡혀있지않아서 업무하기 힘듬 관리자급이 너무 적고 사원들만 많음,실무자에게 현실적으로 지시를 내렸으면 좋겠습니다 아무래도 어렵겠지만..
개발자 아니면 입사하는걸 다시 생각해보길 바람. 기본적으로 연봉부터 대우 환경 모든게 개발자 위주임. 또한 과거부터 있던 사람들의 정치가 매우 심각함..,몇 몇 캐시카우는 아니지만 지속적으로 매출이 나오는 곳이 있어서 망하지는 않음. 개발자의 경우 신입으로 입사하여 시험을 통하여 연봉을 올리고 이직 하기 좋은구조,"임직원 조차 매출이 왜 나오는지 알수 없는 환경. 경력입사자라면 절대 입사 비추, 새로운 인력에게 맡은 업무를 나눠주지 않음. 결국 경력입사자는 할게 없어서 금방 퇴사함.",안될것 같은 사업이나 무리한 사업은 안하는게 좋을듯.
"다니기 좋고 오래 다닐만한 회사. 어쩐지 여성이라면 더 다니기 좋은 거 같다. 학력, 성별, 인종(?), 지역, 나이 차별이 거의 없다.능력이 있다면 누구라도 인정받아 승진하고 대우 받을 수 있는 곳.",연차제도가 좋고 대학교 같은 수평적인 분위기가 나쁘지 않다. 근데 그렇다고 너무 편하고 만만하게 보면 발릴 수 있다(?)..,직군에 따라 차별이 있다고 느껴지고 업무 강도에 차이가 있다. 분명 다니기에 좋은 회사이지만 특정 직군은 지 옥같은 환경을 경험할지도 모른다. 얼마 못바텨서 사람을 자주뽑은 파트가 있다면 그런 곳일지도..,실무는 실무진에게 맡기고 관리를 중점적으로 했으면 한다. 너무 이랬다 저랬다 사소한 부분까지 지시하고 감시하고 통제하면 서로 피곤하지 않겠는가?
"밝고 자유로윤 회사 분위기, 딱딱하지 않은 인간관계, 하지만 전문성이 있는 기업","자기 업무만 잘 하면 위에 눈치보고 그런것 없음. 자유롭고 밝은 분위기, 진짜 직원중심 사내문화, 나쁘지 않은 연봉, 최근 대표 교체로 인해 성장 의욕이 엄청남",직원들끼리 교류를 강조해서 솔플을 좋아하는 사람들은 조금 불편하게 느낄수도 있음.,새로운 대표 부임으로 성장 의지가 고조된 만큼 직원들을 잘 이끌어 주시길 바람.
"블로그나 대외적으로는 매우 수평적인 기업인것 같지만, 아주 수직적이고 보수적임","복장은 편해서 좋다, 정해진 틀 안에서는 자유롭다, 개발방법이나 개발론에 대해선 터치가 없다. 일만 해내면 됨","수직적이고 사장말은 다해야한다, 옳지 않은 결정이 많지만 해야함, 주먹구구식이 많은것 같음. 관리자가 무능한경우가 많고 업무지시는 지나치게 포괄적임.",직원들의 말을 좀 들어줬으면 좋겠다. 관리를 제대로 해주길
개인의 역량에 따라 다양한 경험의 할 수 있는 곳,풀스택 개발 경험을 쌓을 수 있음. 인간적인 문화. 예술의 전당 바로앞.,일반 IT 기업과 같이 야근이 잦음. 점점 수직,좀 더 자유롭고 신나는 개발문화를 만들 수 있도록 노력해주세요.
개발자에겐 좋은 회사. 새로운 걸 많이 시도하는 듯 한데 성공여부는 미지수?,분위기 자유롭고 팀바이팀이지만 워라밸이 잘 이루어져 있음,일이 몰리는 팀은 엄청 몰림. 그리고 신사업이 없는 것 같..,성과를 원하면 투자를 많이 했으면.. 인풋이 없는데 아웃풋이 나올 리가 있는가
사회 생활을 시작하기에 괜찮은 회사규모와 복지,팀별로 차이는 있겠지만 비교적 수평적인 분위기. 연차에 비해 주요업무를 빠르게 배울 수 있음.,사수가 되어줄만한 사람이 거의 없다. 알아서 성장해야 하는 분위기.,지금 이스트소프트의 모습을 직원들은 예측했었을만큼 매력없는 컨텐츠에 대한 포기.
"개발자는 승급시험과 더불어, 내부적으로 혜택을 많이 받는다. 다른직종은..잘..","연차는 눈치없이 쓸수있다. 야근 눈치를 안봐도 된다. 1층에 카페테리아가 있는데 싸다(특히 우유가 싸다), 점심은 식대로 포함된다. 저녁은 회사 법카나 사비후 청구하는 식, 개발자 승급시험이 존재해서, 잘하면 연봉을 빠르게 올릴수있다. 중소기업으론 연봉이 꽤 높은 편이다.","승급시험은 프로그래머에게만 존재하는 것 같다. 신입 교육이 인사적 교육만 있고, 기술적 교육이 존재하지 않는다. 그런데, 신입을 너무 좋아한다. 경력 이직자가 거의 없다. 인센을 기대하기 어렵다. 상하관계가 뚜렸하다.",합리적인 보상 및 교육 체계가 있었으면 좋겠습니다. 수평적 구조로 발전했으면 좋겠습니다.
대기업으로의 성장이 기대되는 회사 능력이 있으면 대우를 받는다,"야근이 적은거 같고, 능력을 키울 수 있다 성장하는게 느껴진다",어느회사나 똑같겠지만 팀을 잘 만나야한다 수직적인 팀도 존재,신규 사업 추진에 적극적인 모습과 소통이 있었으면 좋겠다
승진 기회가 많고 능력을 봐주는 유연한 회사이다. 하지만 업무 체계를 정확히 정리하는 것이 필요하다.,IT회사다보니 대체적으로 젊고 자유로운 분위기이다. 채용시 스펙을 중요시 하지 않고 능력 중심으로 인재를 뽑는 것이 느껴진다. 영업직군은 타회사처럼 술을 마시게 하는 등 과도한 영업을 요구하지 않아 깔끔하게 일을 할 수 있다.,부서마다 다르겠지만 영업군은 야근이 잦다. 거의 매일 야근을 해야 된다고 보면 된다. 그리고 나름 큰 기업이지만 아직도 체계가 제대로 잡히지 않아 업무의 경계가 모호하다.,직원 복지를 좀 더 신경 써주면 좋겠다.
팀마다 분위기가 다 다르기 때문에 팀 복불복이 심한 회사,"팀을 잘만나면 하고 싶은대로 다 할수 있다. 칼퇴, 휴가도 간섭도 별로 없다",팀 잘못걸리면 야근 만하고 윗사람들 헛소리도 들어 줘야 되고 고문임,직원과의 소통이 없다. 소통 한다고 이상한거 하는데 일방향 소통임 지시나 다른게 없는거 같다
"IDC는 1년이후 평가 이후 연봉제로 바뀜. 회식은 별로 없고, 3명은 교대근무, 그 윗 사람은 주간근무","야간이후 평일3일을 쉼, 야간에 일이 많지 않아 자기 공부및 기타 등등을 할 수 있음. 연봉제는 6개월마다 호봉이 오름.","교대근무를 한다면, 다른사람과 만나기 힘듦. 같은 일만 반복하다보면 익숙해져서 자기개발을 안할 수 있음.","이래저래 많이 바뀌는 추세인데, 앞으로 어떻게 시대에 맞혀서 따라갈지 의문임"
어떤 팀을 만나느냐에 따라 고생을 하느냐 개고생을 하느냐 달라질 수 있다. 복지가 없다. 화장실이 엉망이다. 개발자에겐 좋지만 그 외의 직군은 비추천. 승진기회도 개발자 직군에게만 개방적. 연봉도 마찬가지.,예술의 전당 앞에 있다. 점심시간에 산책하고 올 수 있다. 지연출근제도가 있다.,회사 재정상태가 나쁘다. 걱정된다. 신사업을 빨리 찾아야할거 같다. 9시 6시 근무라 시간이 애매하다.,회사복지좀 챙겨주세요. 아침에 빵 종류도 두 종류... 딱 아침에만 주고....너무... 열악함…
벤처정신 고생으로 일군 회사 결국 스스로 무덤을 파버리는 회사,소프트웨어 제조사 답게 다양한 프로그램을 접해볼수 있다. 초봉이 괜찮은편이다.,"인사평가가 완전 주관적이여서, 정치 잘하면 조기승진이 가능함. 인쎈티브, 연봉상승율 없다.","사람을 놓치는 기업은 결국 파산이라고 했습니다. 지금 있는 사람부터 잘지키시고, 초심을 되돌아보세요"
다닐만은 한 회사 서울 사옥 이외에 제주도에도 사옥이 있어서 사업부에 따라서 제주도 귀향은 서비스 (제주도 땅 값 휴),"야근 후 다음날 지연 출근 제도 (9시 퇴근 -9시 출근: 이득 없음, 10시 퇴근 - 다음날 10시 출근 약간 이득, 11시 퇴근 - 다음날 11시 출근) 요새는 때때로 제주도 사옥으로 워크샵 2시간 단위 연차 제도",예술의 전당이라 서초역에서 버스 한번을 더 타야함. 광역 버스는 내려서 도보 10분안으로 도착 지하철 이용자는 교통이 별로인데 광역 버스가 유리함. (단 우면산 터널이 아침에 막힘),성과급은 주식으로 받았는데 받은지 5년 안 되서 퇴사해서 다 한푼도 보상 못 받고 반납 성과급은 그냥 깔끔하게 돈으로 줘라 난 제주도가 싫어요
직원 연령도 어리고 자유로운 분위기의 회사. 하지만 실적의 압박과 야근이 단점입니다.,스펙을 정말 안보기때문에 직원 연령도 어리고 비교적 자유로운 분위기입니다. 그리고 사람들도 친절하고 착합니다.,타 기업과 마찬가지로 실적의 압박이 많습니다. 상사에게 밉보이면 매일 갈궈지고 그때문에 퇴사한 직원도 꽤 있습니다. 그리고 부서에 따라 다르겠지만 야근이 일상입니다.,구체적인 프로세스가 구축되어 있어서 일의 효율성이 높았으면 좋겠습니다.
면접이 꼼꼼한 회사 신입에게는 좋은 기회가 될수도 있는 회사,기술력이 좋고 개발자에 대한 예우가 있다 신입에게는 좋은 직장,신입에개 많은것을 요구하는 부서가 있다 실력키우기는 좋지만 스트레스도ㅠ이만저만이ㅜ아님,갸발자에개 잘해주는거누좋지만 좋은 기업뷴위기를 만드는데 ㅣㅁ써주세요
오래된 회사인 만큼 시스템이 낡아 좋은 점도 있지만 변화에 빠르게 대처하지 못함. 신입 첫 직장으로는 좋은 회사,팀마다 다르지만 대체적으로 개인 생활과 업무의 균형을 맞추기 좋다.,오래 다니는 사람이 많아 승진이 밀려있고 내부적인 제도로 인해 경력으로 입사하기에 좋지 않다. 개발용 PC 성능이 너무 안 좋음.,개발자 제도 개선 및 연봉 인상과 연말 보너스 지급 좀 해주면 좋겠습니다.
사원들도 꽤 큰 역할을 맡아 일해볼 수있음. 다른 회사의 같은 년차들보다 실무능력치 올리기 좋음.,직원들이 안정적으로 다닐 수있는 회사. 여사원들 복직률도 좋고.,개발자 위주의 회사. 개발자가 스펙과 일정을 거의 좌지우지하는듯,성과 위주 인센티브 도입이 절실합니다. 호봉제는 일잘하는 사람이 야근 독박하는구조
"회사의 전반적인 업무를 경험해 볼 수 있어서 좋음 하지만 팀마다 분위기가 천차만별 또한, 본부장이 어떠한 사람인지에 따라 그 밑에 사람들의 성격이 나오는듯",복지부분은 좋은듯 함 사내 카페테리아도 괜찮고 위치도 비교적 좋은편,자기계발을 할 수 있는건 좋으나 교육적인 부분이 굉장히 미흡함 숫자를 알려주고 구구단 하라는 식의,신입사원들의 교육의 부분이 체계화되고 확실하게 되었으면 좋겠네요.. 그리고 인사좀 받아줘요. 사내
수평이라고 말하나 실제론 수직적인 구조를 가진 기업 알고리즘을 잘하는 개발자에게 추천,연차 대비 중요도 있는 업무에 투입될 수 있음 알고리즘을 잘한다면 짧은기간에 연봉을 높일 수 있음,"수동적으로 일하는 분위기 그래서인지 능동적으로 나서서 일하면 피곤해짐 일, 책임 떠 넘기기",개발자 승급제도 개선 개발자 신입 교육 개선 자판기 가격이 비싸다
시간적 여유가있어 본인의 의지만 있으면 무한대의 성장이 가능한 곳,"팀마다 다르겠지만 우리팀은 칼퇴, 야근 기피 문화가 잘 잡혀있어 눈치없이 퇴근 가능하고 휴가도 며칠씩 붙여써도 문제가없다. 본인 일에 부여된 자유도도 높은편이라 마음껏 실력을 발휘할 수 있다. 승진도 시험만 통과하면 쭉쭉 할 수 있다",일의 자유도가 신입에게도 꽤 높은편이라 방향을 제대로 잡지 못하면 월급루팡이 될 수 있다. 본인에게 주어진 시간이 많은데 비해 체계적인 개발자 교육이 부족한 것 같다.,현재는 회사 재무상태가 어려워 금전적 보상이 적지만 좋은날이 왔으면 좋겠습니다
"회사 다니기는 편하고 좋음, 다만 연봉에서 불만족스러운 일들이 있어서 그 뒤로는 연봉을 꽤나 올렸음, 금전부분에서 있어서는 보수적임",자유로운 분위기로서 회사다니기는 좋음 젊은 사람들이 많아서 회사도 젊음,"가늘고 길게가는 느낌이 강함, 어떤 면에서는 상당히 보수적임.",직원들이 장기 근속을 할 수 있도록 많은 도움을 주었으면 좋겠다. 직원들이 이직을 하지 않도록 회사 분위기를 만드는 것이 중요
개발자는 정말 많은것을 배우고 시야가 넓어짐,기업문화가 많이 진보적인 자세여서 사원의 능력을 중요시함,"소프트웨어 회사이지만, 국내에 출시한 제품들에 한정적이고 회사의 매출이 고정적인 편입니다.",조금 더 세계 발판으로 나아갔습니다 좋겠습니다.
크게 압박하지 않는 자율적인 분위기를 가진 소프트웨어 전문기업,"IT기업답게 자율적인 분위기와 젊은 느낌이 강점. 야근강요 없음.(팀마다 다를지도?) 연차(반차, 반반차)나 공가 사용에 크게 문제없음. 병특끝나고도 계속 다니는 사람들 꽤 있음.",작은 회사에서부터 시작해서 그런지 체계가 덜잡힌부분이 더러 있음. 사내 교육 시스템이 다소 부족.,기존 제품에 안주하지 않고 혁신(신기술/개발방법)할 수 있는 환경/분위기를 조성해주시면 좋겠습니다.
특별히 좋은 점은 없지만 큰 단점도 없는 중견기업,지연출근제도가 있어서 10시 퇴근하면 그 다음날 10시까지 11시에 퇴근하면 다음날 11시에 출근할 수 있는 제도가 있고 실제로도 잘 쓰이고 있다. 초봉이 높은 편이다. 임시휴일같은걸 잘 쉬게 해준다 등등 개발자는 시험을 봐서 승진 기회를 앞당길 수 있다 하지만 개발자외에는 시험기회 자체가 없긴하다 연차는 쓰지않으면 연차수당으로 다시 돌려준다,"초봉만 높고 그 다음부터 올라가는건 호봉제여서 크게 올라가지 않는다 복지나 명절, 상여금같은게 거의 전무하다 요즘 적자라서 좋았던 복지가 거의 없어졌다 예전엔 빵도 주고 주먹밥도 주고 맛있는것도 많이 줬는데 지금은 아침에 빵 제공하는것만 남아잇다.",은 없다 그래도 흑자많이 날때는 사원들에게 많이 돌려주려고 하는게 보여서 요즘은 적자니깐 이정도도 감지덕지 그래도
"사람 스트레스 없음. 여기서 일하는 사람들 성격이 다 비슷비슷 (대부분 착하고 동글둥글, 팀마다 차이가 있어 간혹 아닌 사람도 있다고 함)","지연출근제 (10시까지 야근 다음날 10시 출근, 11시까지 야근 다음날 11시 출근, 그 이후 11시 출근~), 아침에 토스트 줌","개발자 중심. 개발자 우대 마인드가 있음. 상대적으로 기획자, 디자이너 등 일반직 파워가 약함.",오래 머물를 수 있는 회사가 되었으면 좋겠습니다
"개발자만 중시하는 구조, 디딤돌 삼아서 다른곳으로 이직하기에 좋은 회사.","알약, 알집하면 사람들이 어느기업인지 다 알아주는 인지도. 평균연령이 낮아서 젊은 분위기",수평적인 문화라는 대외적 타이틀에 비하여 실제로는 수직적인 경우가 대부분임. 특정 사업본부의 경우 정치에 기반한 인사가 있음. 장기근속자가 많지않음. 자기발전의 기회가 적음,"트렌드를 앞서가지 못하면 제때 흐름이라도 타야하는데 한발 느린채로 직원들에게 압박만 증가하는것 같습니다. 직원은 소모품이 아닙니다. 나가면 뽑으면 그만이 아니라는점, 퇴사를 하면 직원도 고객이 된다는 점을 생가해주셨으면 좋겠습니다."
논리가 통하고 열심히 하는사람이 대접받을 수 있는 회사. 개발자로서 지내기 좋은 회사,별다른 사내정치 없이 지내기 좋음. 개발자는 개발 열심히하면 왠만한건 보장이 됨,대박의 꿈을 노리기는 쉽지 않아보임. 위에서 지시만 내리기 보다는 아랫사람들의 의견을 합쳐보는 것도 중요해보임,"직원들에게 조금 더 투명한 공개를 해주길, 그리고 조금 더 직원들에게 관심을 가져주길"
여러분야를 하고있기에 가능성이 큰회사입니다 소프트웨어업에 문어발로 통하더군요,자유로운분위기를 꼽을수있고 많은 고객을 가지고있어서 잘만하면 대박나지않을까요,많은분야에 서비스를 제공하는만큼 한분야에 파고들기어렵고 발빠르게 기술트렌드에 따라가지못하는것으로보인다,좀더 빠른 기술변화를통해 새로운것을 더 빨리받아들이고 수용할수있어야 할것입니다
복지도 괜찮고 연봉도 중간이나 이상정도 받을수있다,야근도 많이 하지 않고 회사 분위기도 자유롭다. 회사 위치도 좋음 점심 먹고 예술에 강당가서 여름에 분수쇼 구경도 감~,직급마다 필수 도서가 있음 꼭 읽고 감상문 작성해야 함. 너무 귀찮음,필수 도서 이런거 안하면 좋겠음. 필수가 아닌 선택이면 좋겠습니다. 좀 스트레스 받음
신입이 다니기에는 추천하고 싶은 회사. 경력직이 들어오면 당황하는 경우를 많이 봄.,중소기업치고는 신입사원이 다니기에는 괜찮은 회사라는 생각이 든다.,승진이 다른 회사에 비해 조금 늦는 편이다. 다른 회사 다니는 친구는 대리인데 본인은 사원이라고 불만을 제기하는 경우가 꽤 있다.,성과보다는 야근이나 업무태도 등에 신경을 더 많이 쓰는 걸로 느껴지는 점이 아쉽다.
능력이 된다면 나이와 직급에 상관없이 중책을 맡겨준다.,"개발직군은 시험을 빠르게 통과하면 빠른 승진가능, 자유로운 복장/분위기",개발직군의 경력자는 오히려 시험이 발목을 잡을 수 있음,"새로운 분야에 대한 도전이 늦음, 제품 기능추가가 늦음"
부서마다 분위기가 180도 다른 회사,알시리즈를 통해 국내외에서 인정받은 탄탄한 기반의 회사. 아침식사 및 간식 제공과 같은 아이디어로 직원들을 배려해주는게 인상깊었음. 업무강도가 쎄긴 하나 그만큼 많이 배울 수 있었던게 좋았던것 같음,"부서마다 새로들어온 신입/경력 사원을 대하는 분위기가 너무나 달랐음. 텃세가 좀 있어보였고, 인터넷에서 흔히 알려져있는 '자유로운 분위기' 혹은 '수평적인 회사'라는 분위기와는 조금 멀게 느껴짐. 오히려 굉장히 군대식이고 수직적인 분위기라는게 느껴졌고, 이로인해 담당자들이 몇달 내지는 몇주를 간격으로 자주 바뀌는게 눈에 띄었음","새로온 사람들에게 조금 더 관심을 가져주고, 업무가 바쁘더라도 새로운 사람들이 빨리 새로운 업무 환경에 적응 할 수 있도록 감싸안아주는 환경이 조성되었으면 좋겠습니다."
괜찮은 보수를 주고 저녁이 있는 삶이지만 개발직군 외에는 개인 성장을 기대하기에는 힘든 점이 있음,"괜찮은 보수, 저녁이 있는 삶을 보장해줌. 젊은 기업이라 직원간에 수평적인 커뮤니케이션 구조가 형성되어 있음.",경영진의 마인드가 너무 올드함. 새로운 제품을 계속 출시하지만 상세한 시장 조사 등이 부족하고 감에 의지한 경우가 많음,아래 사원들의 말에 귀를 좀 기울이고 자신의 고집을 꺾을줄 알아야함
"팀마다 분위기가 상이하며, 수평적인 조직문화는 아닙니다.","연봉수준이 나쁜편은 아니며, 개발자/여자가 다니기 좋은 회사입니다.","비전 공유가 안되며, 교육 지원 등이 부족하다고 생각합니다.",경력직 채용과 중간관리직 점검이 필요하다고 생각합니다.
개발자의 대우가 좋은편이고 회사 분위기는 팀별로 다르니 입사할 때 잘알아보는것이 좋다.,업무강도가 대체로 높은 편이라 세상일 모두 잊고 개발에 매진할 수 있음.,흔히 꼰대라고 불리는 몇몇의 사람들이 부서 전체 분위기를 휘어잡고 있어서 갑갑하다.,기술도 좋지만 인성을 중시하는 문화가 되었으면 합니다.
겉으로 보여지는 것과 달리 수직적인 분위기,멘터링 제도가 있어 신입사원이 적응하기 쉽도록 도와줍니다 11시까지 야근하면 다음 날 11시까지 야근할 수 있도록 배려 해 줍니다,주말 출근 보상이 제대로 이루어지지 않는 경우가 많습니다 연차는 있지만 지정된 휴가기간은 없기 때문에 윗사람들 눈치 보다가 정작 휴가를 못 쓰는 경우가 많습니다,현재의 비용만 바라보지 않고 차후의 시스템적인 면에도 투자를 해야할 것 같습니다
"갈수록 줄어드는 복지, 미래 먹거리 부재",개인시간을 충분히 가질 수 있는 팀이 꽤 있다. (특정직군 제외 SE라던가 SE라던가),알고리즘 시험을 경험 못한 개발자는 연봉이 오랜 기간 정체되어 있음 해당 시험을 통과해도 업계 평균 연봉보다 떨어짐.,개발자들이 시험에만 열중해야 하는 문화는 없에는게 어떨까요.. 그리고 기획 등에 직접 개입하는것보다 좀 더 직원을 신뢰하는 것이 어떨런지
자사 제품만 개발하기 때문에 외부에서 압력으로 인한 스트레스는 적은편. 분위기도 나쁘지 않은편이고 전반적으로 근무하기 괜찮은 회사임,"신입의 경우 알고리즘 실력, 업무를 잘한다면 연봉을 빠르게 올릴수 있음 회사에서 다루는 프로그램 영역이 많아 인맥관리를 잘 한다면 다른 분야의 개발자들과 교류가 가능",여러 분야의 프로그래머들이 있다보니 특정 분야에 대해 특화되기가 힘듬 경력직이 들어오는 경우가 거이 없어 신입으로 무언가를 배우기에는 약간 아쉬움이 있음,경력직을 좀더 적극적으로 뽑아 사내 노하우를 더 쌓았으면 좋겠습니다.
"중소기업치고 꽤 괜찮은 연봉및 근무여건, 젊고 자유로운 분위기가 강점","누구나 아는 프로그램의 개발자가 될수 있음(부서마다 다름), 다수의 사용자를 가진 소프트웨어 개발 경험(역시 부서마다 다름), 비교적 자유로운 분위기(악덕 상사 떄문에 스트레스 받는 일이 드뭄), 경력자보다는 신입을 뽑아서 키우자는 분위기, 개발자에겐 개발자 출신 CEO가 나름 장점.","부서간에 이동이 쉬운편이 아님. 개발자라면 알고리즘을 잘해야 승진함(이거 꽤 스트레스, 하지만 그만큼 많이 배울 수 있음)",많은 경력자들을 유치하여 다양한 업계의 경력 자들이 어우러져 많은 경험을 서로 배울 수 있다면 더 좋을듯.
연봉은 평이했고 팀 분위기가 팀마다 상이한 것에 동의합니다. 개방적이고 구글을 따라하려고 하지만 실상은 수직적인 분위기임.,"수직적인 분위기이지만 그래도 서로 친하게 지내는 분위기, 같이 일하는 사람끼리 웃으며 일할 수 있다.",교육비 지원이 복지혜택에 있는데 자격증을 따기 위한 복지는 지원이 안되는 것으로 보임. 또한 안쓸 수 없는 수직적인 분위기.,특별히 바라는 점은 없습니다.
"오래 다닐만한 회사는 아님, 2년에서 3년 정도 다니기에는 좋은 회사입니다.","다들 젊어서 확실히 보수적이지는 않음, 술강요는 전혀 없습니다.",회사 정원 평균 연령이 30대 초반으로 어림 이뜻인 즉슨 여기에 오래 있으려 하기 보단 거쳐가는 회사로 인식,"경영진이 모두 창립멤버 위주여서, 다들 회사 생활을 해본 적이 없음, 보이지 않는 부조리가 많음 이부분을 잘 헤아려주길"
응용프로그램/포털 회사를 가장한 게임회사.,회사 건물이 있어 이사 다니지 않아도 된다. 초봉만 보면 꽤 괜찮은 회사.,시간이 갈 수록 복지가 점점 줄어들기만 한다. 바쁜팀은 바쁘고 한가한 팀은 할일이 없다. 돈버는게 게임뿐. 그러나 연봉은 포털이 가장 높다(초봉기준) 3년차 이후 연봉이 잘 안오르는편,잘 모르는데에 끼어들지 말아줫으면 한다. 직업윤리를 지켜라. 기업의 방향을 그렇게 자주 바꾸지 마라
글로벌 소프트웨어 회사로 성장 가능성이 많은 회사입니다..,"승진기회가 열려있고, 특히 개발자의 경우는 빠른 승진이 가능함.",야근이 너무 많아서 삶의 균형이 많이 깨짐..,직원과 의사소통을 좀 많이 해야될듯..
"일과 삶의 균형을 지킬수있고, 회사분위기가 좋습니다. 여러모로 산업 변화에 발맞춘 대비는 하고 있지만 빠른 발전을 하는 분위기는 아니에요.","직원의 행복을 정말 고려하는 사장님부터 팀바이팀이겠지만 자유로운 분위기, 전반적으로 서로 배려하고 억압없는 좋은 기업문화",크게 발전하는느낌보다는 안주하는느낌 생활은 자유롭지만 업무에 있어서는 약간보수적이고 발전적이지 못합니다.,좀더 성과에 대한 보상을 주는 등 활발하게 경쟁하고 발전할수있는 기업이 되었으면 좋겠습니다.
다방면으로 사업을 펼치고 있는 중견기업,게임업계 기준으로썬 연봉이 높은편. (IT 전반을 봤을땐 다소 불만족 스러울지도?) 마음 먹기에 따라 편하게 자기 삶 영위하며 다닐 수 있음,저비용 고효율을 추구함. 적은 인력으로 많은 것들을 하려고 함.,사업관련 부서보단 R&D 하는 직군에게 힘을 실어주면 더 좋을 듯 함.
it업계 첫직장으로 좋음. 연봉도 괜찮고 야근도 많지않은 편. 다만 미래 먹거리가 불확실한 것이 단점.,개발자에게는 매우 편함. 전체적인 분위기가 자유로운 편. 다른 곳보다는 실무 투입이 빠른 편.,. 장점 개발자에게는 매우 편함. 전체적인 분위기가 자유로운 편. 다른 곳보다는 실무 투입이 빠른 편. 단점 팀마다,이 회사의 미래에 대한 확신을 주면 좋겠음. 미래가 불확실하고 방향성이 모호하니 가끔 회의감 들어서 일하기 싫음.
기회가 무한한 회사. 역량과 노력에 보상이 적절항 회사! 내 회사지만 강력 추천하고 싶은 회사,수평적 자유로운 회사 분위기. 모난 사람 없이 둥글고 자연스럽게 융화되고 친근함. 전문성을 기를수 있고 업무 배치에 유연성이 있음,복리 후생이 다양하지 않음. 다양한 혜택을 주려고 많은 고민을 하는 것은 보임.,더 할 나위 없다. YES!
더 넓은 세상에 도전하고 자기 자신을 채찍질할 마인드를 가진 분만 지원하기를 바랍니다.,실력이 좋은 분들이 많아서 단시간에 많은 것을 배울 수 있고 새로운 도전을 많이 받게 된다.,지나치게 타이트한 업무 분위기와 경직된 조직 문화가 있다.,회사를 체계적으로 운영하는 것도 좋지만 결국은 회사의 구성원은 사람들이므로 끝없는 인간적인 조율의 과정이 필요하다는 것을 인식할 필요가 있습니다.
직장생활 시작하기 좋은 곳,"수평적인 분위기, 야근에 대한 적절한 보상, 연차 사용 자유로움, 만족스러운 복지","예전에 비해서 혜택이 줄어드는 느낌, 새로운 사업 개발의 필요성",돈 많이 벌고 싶습니다 ㅠㅠ
공무원 마인드 회사로 전체적으로 정체되어 있는 느낌이 강함,신입으로 배우기에는 장점이 많은 회사로 편하게 오래 다니기는 좋은 듯,사업이 너무 정체되어 있고 외부 활동이 거의 없음 중간 관리급이 매우 없음,기존 인력을 중시하는 문화를 버리고 새로운 인력풀을 찾아야함 그리고 보다 공격적인 사업 전략이 필요함
바로 현업에 투입되어 클 수 있다.,아이디어나 의견을 자유롭게 교류할 수 있다.,"인사쪽 시스템이라든지, 경영진 의사결정이 아무래도 좀 더 체계가 잡혀야 할듯",일희일비하지 말고 멀리 보고 전략을 세우고.. 좀.. 체계가 잡혔으면 좋겠습니다.
시작하기는 좋은 회사. 허리가 없다는점이 약점,그럭저럭 적절한 연봉. 야근이 없음. 회식강요 없음,경영진의 의사로 모든게 결정됨. 회식이 너무 없음 ㅋ,.
노력만 한다면 연차 상관없이 빠르게 진급 및 성장 가능.,"회사 규모대비 연봉 수준, 자유로운 분위기","자극과 경쟁이 약해서 약간 나태한 분위기, 중간 관리자급 멘토 찾기 어려움",개발자 중심적인 사고방식에서 벗어났으면..
소프트웨어 개발자로서 역량을 기르고 싶다면 추천하고 싶다.,"자유로운 분위기, 하지만 기본은 지켜야함. 연봉은 보통수준.",정체되고 있다는 느낌을 받는다. 회사의 수입상황이 좋지 않다.,좀 더 모험적인 시도가 있어야 하지 않을까 싶네요.
팀마다 분위기가 상이합니다. 굉장히 수직적인 팀이 있는 반면 자유롭게 의사소통 가능한 팀도 있습니다. 외부의 일이 아닌 자사의 소프트 및 게임 관련 업무만 하기 때문에 다양하고 많은 기회를 접하기는 힘들 수 있습니다.,"전체적으로 연령층이 젊기 때문에 분위기가 밝은 편입니다. (팀에 따라 굉장히 어두울수도) 본사 사옥의 위치가 좋은편이며, 팀의 성향에 따라 다르지만 대체적으로 야근을 지양합니다. 만약 야근 할 경우 당당하게 지연 출근제도를 이용할 수 있습니다. 팀만 잘 만나면 삶과 업무의 균형을 충분히 누릴 수 있습니다. 연차 및 반차, 반반차는 눈치 없이 사용 가능합니다.",계속되는 적자로 인해 복지가 조금씩 줄어들고 있습니다. (오후간식이 사라짐...) 사내 커뮤니케이션은 겉보기와는 다르게 약간은 보수적인 측면이 있습니다. (임원이라던지.. 아니면 임원들이라던지..) 임원들은 대부분 친근하고 소탈한 편이지만 가끔 무리한 요구를 합니다. (근데 회사 사정을 보면 그럴 수 밖에 없을지도..),간식 부활시켜 주세요
화이팅!,연봉은 괜찮으며 여성이 근무하기 좋습니다.,"부서마다 분위기가 다릅니다, 회사로 오래근무한 사람들이 많아서인지 정체된 분위기입니다.",비전을 보여주세요. 능력있는 사원 등 경력직 채용도 고려해주세요
안정적이고 자기개발할 시간이 많습니다.,연봉은 괜찮은 편입니다. 칼퇴근휴 여가생활을 즐길수 있습니다.,게임개발자의 경우 스스로 노력하지 않으면 정체되어있는 기분이 듭니다.,상하소통이 가능한 회사였으면 좋았을것같습니다.
"회사분위기는 자유로운편, 하지만 팀마다 분위기는 다다른듯. 특정부서는 일이 많아 사람이 피곤해보인다.","자유로운 분위기, 대졸 초봉은 it 평균이라고 생각함.",최근 회사가 어려운지 각종 복지가 사라짐. 간식제도라든지 기숙사제공이라든지 모두 사라짐,없음
다양한 경험과 기회를 주는 기업,다방면으로 경험을 쌓을 수 있는 회사. 꼰대가 거의 없어서 윗사람이라도 말이 안 통하는 경우는 거의 없음. 능력과 야망이 있다면 최대한 발휘할 수 있도록 해 줌. 업무보다 개인의 사생활을 많이 신경써주는 인간 중심적인 분위기.,"회사에서 역량 향상을 시켜주지 않음(상사가 끌어주는 개념이 거의 없음). 스스로 모든걸 해야함. 오래 다니다보면 자신에게 더 이상 발전이 없다는 두려움이 생김. 다방면의 경험을 할수는 있으나, 특정",특별히 없음
모바일이 약함,"지연출근제도가 용이, 비교적 퇴근이 빠른편, 적당한 스트레스를 받을 수 있음, 회식강요 없음","임원진들 몇마디로 프로젝트 엎어짐.. 간식제도 사라짐, 점심을 안준다, 신입과 플젝엮이면 난감해짐-0-","간식제도 부활, 점심제공. 건물이 낙후되어있고 지하철과 너무 멀다!!!!"
연봉은 생각보다 높지 않으나 성장할 수 있는 환경이 갖춰져있고 복지가 좋음.,본인의 노력 여부에 따라서 승진기회 및 성장 가능성이 열려있음.,신규 프로젝트인 카발2가 성공하지 못해서 직원,처음부터 다 갖춘 직원을 뽑기보다는 기존 직원의 역량육성에 힘써줬으면 함.
크지않은 규모임에도 수백만 천만명이상이 쓰는 제품을 기반으로 일해볼수있는 직장이에요 영양가있는 경험이 가능해요,젊은 임직원들이라 자유롭고 젊은 분위기 강요하지 않는 문화 깨끗한 근무환경 어울리는 문화,신입이 많아 사내에 축적된 전문지식이 많지않음 약간은 개인적인 직원간에 관계 조금 부족한 사내교육,과감한 시도 시대에 맞춰가는 도전이 필요함 경력사원의 적극적인 채용이 필요함 무능력한 직원들 과감히 구조조정해야함
열심히 일하면 그만큼의 보상도 뒤따르나 야근과 사내 정치가 만연하니 본인이 적응할 수 있는지 판단해보고 지원하도록.,일하는 만큼 보상 받는 시스템. 동종 기업들에 비해 젊은 나이에 승진할 수 있음. 타 기업에 비해 개발자의 경우 본인이 하고 싶은 업무를 최대한 존중해주는 분위기(그만큼 잘해야 하지만).,한때 야근 없는것이 장점이었으나 요즘은 야근 강제하는 분위기. 물론 직군마다 야근 강도 다름. 아직도 야근 없는게 장점이라고 말하는 사람이 있다면 사무직쪽 직군일 가능성 높음. 사내 정치 심함. 임원진이 원하는 방향이 뭔지 잘 파악해서 그대로 일하는 사람들이 평가 좋게 받음.,"대기업 쫓기, 경쟁사 의식하느라 무리수 그만 두고 잘하는 분야에 집중했으면 좋겠음."
주도적인 업무가 가능한 곳,자유로운 분위기. 여자가 다니기 좋은 복지,체계가 없음. 가르쳐주기보다 스스로 물어가며 해야함,혁신
여자가 다니기 괜찮은 회사,부서마다 차이가 있겠지만 남녀 차별이 없다. 술 권하지 않는다. 출산 휴가가 자유롭다. 기본 1년이고 2년 쉬는사람도 있었던 것 같다. 복귀해도 동일한 대우를 받는다.,"어딜가나 있겠지만, 뒷담화 하는 사람이 있음. 부서마다 차이 있겠지만 끼리끼리 어울리는 경향이 있다.",
동종업계 상위 연봉 및 노력에 따라 승진 기회 부여,"노력하면 승진을 빨리 할 수 있다. 그리고 특진의 기회도 있는데, 이건 야근을 많이 하면 특진을 할 수 있다. 이런것은 연봉으로 귀결 됨.",뒷담화를 하는 무리가 국소적으로 많다. 윗사람과 같은 술자리를 하면서 친목 무리를 만들어 다니기도 한다.,"직원의 능력을 최대한으로 끌어 올려주시길 바랍니다. 그리고, 적재 적소에 인재 배치에 더욱 신경을 써주시면 감사하겠습니다."
개발자들에게는 좋은회사,"임원진에 개발자 출신이 많음. 그래서인지 개발자들에 대우는 좋은편. 신입부터 시작해서 임원진으로 올라간 케이스가 대부분, 낙하산 같은건 걱정하지 않아도됨.","경영진에 대한 믿음은 좀 적어짐, 모바일 산업으로 변화하면서 잘 쫒아가지 못한 감이 있음. (현재는 이것저것 많이 준비하는듯?) 신입위주로 뽑기 때문에 경험이 풍부한사람이 많이 없음. 어느 직장이나 마찬가지듯 3~5년차에 퇴직을 많이 해서 그 이상 개발자가 별로 없음.",비 개발직군에 대한 처우 개선과 축소되고 있는 복지가 다시 돌아왔으면..
신입 개발자 특히 병특에겐 꿀직장 비개발자에겐 글쎄,개발자에게 무한 관대함. 이 돈 받고 병역도 해결할 수 있는 직장이 있을까,비개발자에게는 가혹한 잣대. 임원진에 대한 불신으로 파편화된 개인들. 몰려다니며 뒷담화하고 이간질하는 나쁜 무리들만 승진하는 문화.,임원진이 전문적인 경영 능력을 갖추었다고 보기 어려움. 특히 노동자를 말 그대로 노예로 부려야 말을 듣는다고 생각하는 임원도 있음.
"경영진의 마인드가 사원복지와 처우에 관심이 많다. 급여는 능력에 따라 차이가 큼, 사용자가 많은 프로젝트를 경험해 볼수있다. 경력에 좋음",알집 알약으로 이름이 많이 알려져 있고 자기개발의 적극적으로 돕는다. 급여는 괜찮은 편,최근 모바일 시장과 게임 분야에서 사업성과가 부진한 편,사원들의 젊고 참신한 목소리에서 좋은 아이디어가 많이 있습니다. 금맥은 회사안에 있습니다.
지원하면 나쁘지는 않은 회사.,"같이 일하는 동료들이 좋음, 저녁에 간식거리 제공. 입소문이 소리없이 빠릅니다.","조금 딱딱하고 경직된 분위기, 야근하는 시간이 많을수록 일을 열심히 한다는 생각.",냉무
"부서에 따라 글로벌한 해오 퍼블리셔 같이 글로벌하게 일을 할 수도 있고, 많은 사람들이 사용하는 소프트웨어 개발을 할수도 있는 기업","가족같은 분위기이며, 개발직의 경우 시험을 통해 상사보다 연봉을 더 많이 받을 수도 있는 특이한 문화","사람이 계속 늘어나면서 가족같은 분위기가 조금씩 사라지는 느낌이 있으며, 한 사람이 전문분야가 아닌 여러가지 일을 같이 해야되는 경우가 많다.",조금더 각 분야별로 전문화를 해서 담당해서 회사 및 개인 역량 발전에 도움이 되는 방향이 되었으면 좋겠습니다.
다녀보면 더 괜찮은 곳이라고 생각할 수 있는 회사,연봉은 IT업계에서 높은 편에 속함. 여직원 많은 편. 직원들 나이는 20대후반 ~ 30대초반이 대부분이라 분위기는 좋은 편. 야근도 별로 없는 편.,젊은 사람들이 많다보니 업계경험이 많은 경력자들이 부족. 또 회사에서 경력을 쌓은 직원들은 좋은 대우를 받고 더 큰 회사로 가기도 함,이 한가지 있다면 선택과 집중이 필요해보임
작지만 강한 기업 왠만한 대기업보다 급여도 나을 수 있을껄?,"자율적인 분위기, 복지 좋음 또라이가 적음 실력에 따라 빠른 연봉 상승의 기회",아직 작은 기업인데 대기업 따라할라고 하는 분위기가 있음 의사결정 속도가 늦어지는 점이 있음,오래되고 실력없는 사람보다 젊고 능력있는 사람의 평가가 필요함 전체적으로 공정한 평가를 하는게 좋음
"구글 복지, 구글 사내문화를 만들려고 노력하는 기업. 하지만 퍼포먼스는 아쉬움.","10시, 11시 퇴근하면 다음날 10시, 11시까지 출근하는 지연출근제도 주말에 출근하면 원하는 날 휴무인 대체휴일제 샌드위치데이 휴무 직원들의 소리를 들으려고 노력하는(하지만 쉽지않은) 경영진 자유로운 사내분위기 신입 직원들에게도 거침없이 업무 분담(과연 마냥 좋은건진 모르겠지만) 사내 카페테리아 아메리카노 600원 아침 빵 무료 제공 저녁 간식 제공(했었음 언제 부활할지) 임원진에 대한 불만이 많이 없다 이상한(진짜 이해 안되는 ㄸㄹㅇ) 사람이 없다.(2년차인데 아직까지는)",현실에 안주하려는 자세?? 위험회피적 성향 경력직원의 부재(내가 있는 부서에서 가장 많은 경력을 가진 사람이 5년차..) 퍼포먼스에 비해 몸집을 너무 불려서 위태로운 느낌,신입 직원 및 리더급에 대한 체계적인 교육이 꾸준히 이루어졌으면 좋겠고 직원들의 외부행사 참여에 대한 지원이 많았으면 좋겠다. 저녁 간식 다시 부활시켜주세요 사내 식당 원츄!!!
2013년 하반기에 취업 성공했습니다. 스펙같은것 보다는 관력직종 경험과 자신의 역량을 잘 어필하면 충분히! 스펙은 정말 상관없습니다! IT 기업중에서는 입지를 가진 기업인만큼 다들 준비해 보세요~,6개월 마다 한번씩 있는 테스트를 통해 빠르게 직급과 연봉을 올릴 수 있다. 노력한만큼 보상을 받을 수 있어 좋은 것 같다.,"앞으로 새로이 무엇을 해나갈지를 모르겠다. 현재는 여러 윈도우 소프트웨어쪽에 강세를 보이고 있다지만, 세상은 IoT가 대세가 되가고 있으니까..",그냥 지금처럼!
큰 욕심이라기보다는 그냥 적당히 일하고 적당히 돈 벌게 싶으면 괜찮은듯,"확실히 자유로운 분위기는 있어요, 사내 복지도 나쁘지 않은 편",사내정치를 잘 해야 한달까? 그리고 야근은 직군에 따라서 케바케인듯,한가지 일에 집중하지 못하고 너무 여러가지를 다 해야하는 점이 안좋음
아직 작은 회사인 만큼 본인 성장 욕심만 있으면 얼마든지 기회와 가능성이 있고 같이 커나갈 수 있음.,요즘은 야근도 별로 없음. 사내 정치 없음. 성과기반 보상.,최근 수익성이 낮아짐. 큰회사에 비해 지원 시스템이 약하다보니 여러 일을 함께 해야 할 때도 있음.,직원들과의 소통이 더 잘 되었으면 좋겠음.
일과 생활의 균형을 이룰수있다,"야근하는 분위기아님, 괜찮은 초봉 ,분위기. Soso","이상한사람들이 있음, 나는되고. 너는안됨",체계적인 인사평가로 자주 문제있는 사람들 모니터링하셧으면 합니다
개발자는 학력 차별 전혀 없고 편하게 일 할 수 있는 회사,"연봉도 어느정도 높은 편, 불필요한 업무 개선 노력 의지 강함, 평균 연령이 타 회사에 비해 낮아서 자유로운 업무 분위기",개발자는 진급이 시험이 매우 큰 영향을 미치기 때문에 일을 열심히 해도 시험에 떨어지면 진급 불가,"의미 없는 프로젝트는 미련없이 접고 새로운 프로젝트 진행, 타 직군 학력 차별요소 제거"
"개발자에게는 좋은 회사, 개발자에게 교육의 기회와 다양한 업무를 할 수 있는 기회가 있다.",개발자에게 시험을 통한 빠른 승진 기회. 기술 업무에 집중할 수 있는 환경 다양한 개발 영역 사내 문화,진행되고 있는 사업 분야의 대부분이 메이져서비스가 자리잡고 있음. 수익을 제대로 낼 수 있는 분야는 게임 분야. 1차 승진은 업무 성과와 관계가 없음.,사장님이 직접적으로 서비스 개발중에 참여 안했으면 좋겠다.
"분위기, 복지좋은 사람냄새나는 IT회사",사내문화가 매우 좋다. 정치도 없다. 묵묵히 자신의 일을 성실히 수행하는 멋진문화,사업 구조에서 캐시카우가 차지하는 비중이 높아 새로운 도전을 꺼려하는 경향이 있다,X
"알툴즈, 알약이 대표적이지만, 카발(게임),모바일 게임,줌(포털, 검색서비스)과 같은 다양한 서비스에서 일 할 수 있는 것이 장점","윈도우 어플, 모바일, 웹기획까지 다양한 업무를 할 수 있다.",부서마다 케바케 모바일 대응이 현재 늦다는 평가가 주를 이룸,인센티브 확대
평균이상의 급여와 인간적대우와 함께 자기 시간개발에 따라 자기 개발도 가능한 회사,"인간적인 점이 살아있는 회사 급여는 많은편 인센티브는 적거나 없다. 급여랑해서 또이또이 사람관계에 디스는 적은편, 서로 최소이상의 사회적 예의를 챙기려는 한다.(최소한이상의 개념은 탑재)",매우 빠르게 관료화 되고있다 모험적인 행동은 소극적이다. 중장기적 안목은 좀 부족한듯,규모에 비해 지나치게 탑다운 방식이다. 광범위한 눈치보지않는 의견 수렴이 필요하다.
전사 평균연령이 낮아서 대체로 자유로운 사내문화,"젊은 기업, 칼퇴 눈치 없음(물론 사업부 별로 다름), 자유로운 분위기, 능력에 따른 연봉 상승","신입사원에 대한 갖춰진 교육 부족, 어디에나 있듯이 꼭 이상한 사람 있음",좋습니다
복지 좋다,복지 좋고 연봉도 평타치고 중견회사로써 좋은 회사인듯,생각보다 일이 편중되어 있어서 빡센 파트는 엄청 빡세다.,상품의 라인을 잘 잡아서 나아가면 바람직할듯 하다.
무난하고 좋은 직장입니다,"본인이 잘 적응하고 업무 처리만 확실하다면, 업무 외적인 일(야근, 상사눈치 등)으로 스트레스 받는 분위기는 아님. 개인적으로 예술의전당 근처라 날씨가 좋으면 점심시간에 산책할 수 있는 환경이 좋았음.",좋게 말하면 개인적인 분위기. 나쁘게 말하면 인간관계가 좀 차가운 느낌.,뭐든지 한발씩 늦는 느낌. 신선한 아이디어 발굴이 좀 부족한 듯. 또한 아이디어를 좀 더 세련되게 다듬어 줄 멘토들을 좀 더 키울 필요가 있음.
자유로운 분위기와 좋은 사람들과 일할 수 있다.,헐렁한 근태. 마음대로 쓸수 있는 연차. 야근을 별로 안함.,승급 시험 통과하기 어려움. 개발자가 부족함.,"입사 시험, 승급 시험 개편"
편안한 저녁시간을 보낼 수 있음,"편안한 저녁시간을 보낼 수 있음, 야근을 지양하는 회사",약간의 느린 의사결정과 업무처리가 아쉽다,조금 더 전투적인 사업을 하셨으면 좋겠다
신입은 승급 기회가 많음. 첫 회사로 선택하기에 괜찮은 회사,업무강도가 그리 강하지 않음. 일정을 빡빡하게 잡지 않아서 저녁을 충분히 즐길 수 있음,3년 미만의 경력이라면 신입입사와 별 차이 없음. 지속되는 적자로 줄어드는 복지,투명하지 못한 인사고과기준을 정리해서 직원들에게 알려주었으면 좋겠음.
회사의 제품 이해도가 높을 수록 좋다,"자유로운 복장, 전체적으로 젊은 회사. 단체주의를 강요하지 않는다.",회사가 아직 젊어서 부족한 체계성과 스피드 추구에 대한 어려움. 약간의 망설임,체계적이고 빠른 의사결정이 필요한 때
"같이 일하는 직원들은 좋으나, 물갈이 없는 현 경영진들의 아집이 심함.","본부,팀마다 분위기가 매우 다르며, 대외적으로 좋은 이미지를 가짐. 비교적 젊은 기업이고 조직문화가 젊은 편에 속함.","본부,팀마다 매우 상이함. 특정본부 같은 경우 근속연수가 매우 짧음. 다들 거쳐가는 회사로 인식. 세세한 부분까지 경영진들이 간섭해서 프로젝트가 산으로 가는 경우가 매우 많음.",얼마전 회사 평점에서 경영진 점수가 제일 낮다는 부분에 대해서 잘 생각해보시길
오래 다니고싶은 회사,자유로운 분위기,느린 진행성,공격적인 경영
할 수 있는 업무범위가 넗어서 매우만족,투명한 경영실태,경직된 조직,유연성있는 의사결정
이스트소프트,"회사 문화와 사람들의 충성도, 그리고 매니지먼트의 도덕성 장점인 회사","너무 커지다 보니, 창조성이 점점 떨어지고 있음",
여자가 다니기 무난한 회사,조직의 안정성,비효율적은 업무플로어,더 전문적인 인재육성에 힘썼으면 한다
